subject,request_size,start_time,end_time,latency
malloc,596,1790316567875184985,1790316567875185766,0.781
malloc,1525,1790316567875210037,1790316567875211392,1.355
malloc,1459,1790316567875217368,1790316567875217680,0.312
malloc,1703,1790316567875223356,1790316567875231567,8.211
malloc,974,1790316567875237093,1790316567875237531,0.438
malloc,793,1790316567875242107,1790316567875242398,0.291
malloc,1045,1790316567875245811,1790316567875246105,0.294
malloc,2736,1790316567875249908,1790316567875252692,2.784
malloc,2115,1790316567875255943,1790316567875256194,0.251
malloc,1353,1790316567875260369,1790316567875260551,0.182
malloc,940,1790316567875264543,1790316567875264899,0.356
malloc,2011,1790316567875268313,1790316567875272329,4.016
malloc,476,1790316567875276302,1790316567875276622,0.32
malloc,1806,1790316567875280210,1790316567875280479,0.269
malloc,2661,1790316567875284030,1790316567875298628,14.598
malloc,2602,1790316567875305912,1790316567875309119,3.207
malloc,4074,1790316567875313313,1790316567875317495,4.182
malloc,545,1790316567875323106,1790316567875323569,0.463
malloc,560,1790316567875327113,1790316567875327336,0.223
malloc,1980,1790316567875330682,1790316567875333556,2.874
malloc,1793,1790316567875337792,1790316567875338065,0.273
malloc,4014,1790316567875342465,1790316567875345095,2.63
malloc,2254,1790316567875355482,1790316567875359126,3.644
malloc,4032,1790316567875364211,1790316567875367001,2.79
malloc,1635,1790316567875371055,1790316567875371198,0.143
malloc,2838,1790316567875374921,1790316567875377571,2.65
malloc,1740,1790316567875381009,1790316567875381260,0.251
malloc,2272,1790316567875384753,1790316567875387516,2.763
malloc,2971,1790316567875392363,1790316567875392501,0.138
malloc,857,1790316567875396266,1790316567875396510,0.244
malloc,2853,1790316567875400649,1790316567875403770,3.121
malloc,3318,1790316567875409156,1790316567875413131,3.975
malloc,2133,1790316567875417345,1790316567875417596,0.251
malloc,4064,1790316567875422806,1790316567875425723,2.917
malloc,924,1790316567875429801,1790316567875430203,0.402
malloc,3091,1790316567875433951,1790316567875437047,3.096
malloc,527,1790316567875441790,1790316567875442092,0.302
malloc,1720,1790316567875445741,1790316567875449028,3.287
malloc,1498,1790316567875453047,1790316567875453302,0.255
malloc,2393,1790316567875460427,1790316567875463468,3.041
malloc,3058,1790316567875468100,1790316567875468251,0.151
malloc,2189,1790316567875471808,1790316567875473903,2.095
malloc,307,1790316567875477260,1790316567875477441,0.181
malloc,3285,1790316567875480737,1790316567875483172,2.435
malloc,3979,1790316567875486829,1790316567875489193,2.364
malloc,2953,1790316567875492770,1790316567875492907,0.137
malloc,1557,1790316567875496155,1790316567875498496,2.341
malloc,3723,1790316567875502187,1790316567875504606,2.419
malloc,3482,1790316567875509202,1790316567875509551,0.349
malloc,2101,1790316567875513415,1790316567875516444,3.029
malloc,1606,1790316567875520611,1790316567875520765,0.154
malloc,1179,1790316567875524560,1790316567875528140,3.58
malloc,2018,1790316567875532693,1790316567875532837,0.144
malloc,3612,1790316567875536204,1790316567875538971,2.767
malloc,881,1790316567875542879,1790316567875543125,0.246
malloc,3404,1790316567875546701,1790316567875549916,3.215
malloc,2120,1790316567875554080,1790316567875554231,0.151
malloc,2606,1790316567875557539,1790316567875560489,2.95
malloc,1580,1790316567875567707,1790316567875567898,0.191
malloc,994,1790316567875573248,1790316567875573594,0.346
malloc,3214,1790316567875577368,1790316567875580915,3.547
malloc,103,1790316567875585171,1790316567875585590,0.419
malloc,4063,1790316567875589328,1790316567875595518,6.19
malloc,1250,1790316567875600486,1790316567875610209,9.723
malloc,70,1790316567875614345,1790316567875614602,0.257
malloc,657,1790316567875619341,1790316567875619907,0.566
malloc,4092,1790316567875623401,1790316567875626609,3.208
malloc,348,1790316567875630399,1790316567875630658,0.259
malloc,2362,1790316567875634229,1790316567875634403,0.174
malloc,1260,1790316567875637809,1790316567875637948,0.139
malloc,2726,1790316567875641400,1790316567875644072,2.672
malloc,1323,1790316567875659218,1790316567875659398,0.18
malloc,3433,1790316567875665518,1790316567875668659,3.141
malloc,2784,1790316567875672748,1790316567875675397,2.649
malloc,511,1790316567875678820,1790316567875678980,0.16
malloc,3082,1790316567875682235,1790316567875684974,2.739
malloc,1407,1790316567875688283,1790316567875688450,0.167
malloc,2053,1790316567875691612,1790316567875694247,2.635
malloc,2709,1790316567875697659,1790316567875697833,0.174
malloc,560,1790316567875701022,1790316567875701385,0.363
malloc,57,1790316567875704527,1790316567875704848,0.321
malloc,4066,1790316567875707996,1790316567875716104,8.108
malloc,1490,1790316567875719865,1790316567875722664,2.799
malloc,1827,1790316567875726169,1790316567875726334,0.165
malloc,3348,1790316567875729549,1790316567875732266,2.717
malloc,2355,1790316567875735600,1790316567875738312,2.712
malloc,1134,1790316567875741612,1790316567875741767,0.155
malloc,1371,1790316567875744853,1790316567875745003,0.15
malloc,864,1790316567875748087,1790316567875748374,0.287
malloc,2465,1790316567875751648,1790316567875754311,2.663
malloc,2116,1790316567875759674,1790316567875762651,2.977
malloc,4062,1790316567875766367,1790316567875768921,2.554
malloc,2320,1790316567875772245,1790316567875772386,0.141
malloc,2082,1790316567875775635,1790316567875778331,2.696
malloc,982,1790316567875781718,1790316567875781933,0.215
malloc,2374,1790316567875785091,1790316567875785225,0.134
malloc,2724,1790316567875788329,1790316567875791015,2.686
malloc,978,1790316567875794358,1790316567875794544,0.186
malloc,2474,1790316567875797661,1790316567875800386,2.725
malloc,756,1790316567875803892,1790316567875804187,0.295
malloc,2222,1790316567875807367,1790316567875809900,2.533
malloc,870,1790316567875813194,1790316567875813409,0.215
malloc,2063,1790316567875816492,1790316567875816632,0.14
malloc,1326,1790316567875819727,1790316567875822507,2.78
malloc,3638,1790316567875825848,1790316567875826015,0.167
malloc,2325,1790316567875829276,1790316567875831919,2.643
malloc,78,1790316567875835294,1790316567875835565,0.271
malloc,949,1790316567875838706,1790316567875838901,0.195
malloc,48,1790316567875842061,1790316567875842288,0.227
malloc,2538,1790316567875847148,1790316567875849985,2.837
malloc,1493,1790316567875853652,1790316567875853869,0.217
malloc,3938,1790316567875857287,1790316567875859974,2.687
malloc,2508,1790316567875863337,1790316567875865954,2.617
malloc,2967,1790316567875869322,1790316567875871845,2.523
malloc,1668,1790316567875875195,1790316567875875359,0.164
malloc,1526,1790316567875878436,1790316567875878576,0.14
malloc,1225,1790316567875881909,1790316567875884569,2.66
malloc,2553,1790316567875887945,1790316567875888107,0.162
malloc,2882,1790316567875891304,1790316567875893946,2.642
malloc,1841,1790316567875897258,1790316567875897421,0.163
malloc,689,1790316567875900510,1790316567875900778,0.268
malloc,668,1790316567875903839,1790316567875904080,0.241
malloc,1806,1790316567875907357,1790316567875909955,2.598
malloc,2993,1790316567875913354,1790316567875915892,2.538
malloc,2735,1790316567875919227,1790316567875919383,0.156
malloc,2773,1790316567875922491,1790316567875925118,2.627
malloc,1037,1790316567875928372,1790316567875928533,0.161
malloc,1129,1790316567875931762,1790316567875934293,2.531
malloc,3502,1790316567875937646,1790316567875937818,0.172
malloc,3495,1790316567875952633,1790316567875955508,2.875
malloc,1636,1790316567875959906,1790316567875960059,0.153
malloc,1394,1790316567875963367,1790316567875963502,0.135
malloc,268,1790316567875966792,1790316567875967087,0.295
malloc,3450,1790316567875970291,1790316567875972987,2.696
malloc,2471,1790316567875976352,1790316567875978997,2.645
malloc,3658,1790316567875982430,1790316567875985086,2.656
malloc,1678,1790316567875988435,1790316567875988602,0.167
malloc,2534,1790316567875991875,1790316567875994579,2.704
malloc,277,1790316567875997887,1790316567875998162,0.275
malloc,1711,1790316567876001385,1790316567876001522,0.137
malloc,975,1790316567876004656,1790316567876007348,2.692
malloc,1754,1790316567876010737,1790316567876010898,0.161
malloc,1319,1790316567876035649,1790316567876035915,0.266
malloc,3234,1790316567876040919,1790316567876044289,3.37
malloc,391,1790316567876047941,1790316567876048264,0.323
malloc,2738,1790316567876051466,1790316567876054049,2.583
malloc,664,1790316567876057452,1790316567876057664,0.212
malloc,1367,1790316567876063369,1790316567876063551,0.182
malloc,961,1790316567876067278,1790316567876067567,0.289
malloc,3530,1790316567876070769,1790316567876073541,2.772
malloc,2959,1790316567876076971,1790316567876082537,5.566
malloc,1634,1790316567876086261,1790316567876086451,0.19
malloc,3949,1790316567876089671,1790316567876092516,2.845
malloc,436,1790316567876095906,1790316567876096164,0.258
malloc,530,1790316567876099391,1790316567876099603,0.212
malloc,2354,1790316567876102714,1790316567876105281,2.567
malloc,3193,1790316567876108561,1790316567876111138,2.577
malloc,1319,1790316567876114508,1790316567876114666,0.158
malloc,3467,1790316567876117950,1790316567876120559,2.609
malloc,2365,1790316567876124212,1790316567876126819,2.607
malloc,484,1790316567876130292,1790316567876130500,0.208
malloc,773,1790316567876133730,1790316567876133999,0.269
malloc,3743,1790316567876137090,1790316567876139721,2.631
malloc,737,1790316567876143308,1790316567876143567,0.259
malloc,126,1790316567876146724,1790316567876146928,0.204
malloc,2118,1790316567876150070,1790316567876150240,0.17
malloc,65,1790316567876153338,1790316567876153563,0.225
malloc,1789,1790316567876156656,1790316567876159303,2.647
malloc,322,1790316567876162618,1790316567876162907,0.289
malloc,326,1790316567876167927,1790316567876168175,0.248
malloc,3251,1790316567876171844,1790316567876172017,0.173
malloc,1281,1790316567876175257,1790316567876178184,2.927
malloc,1831,1790316567876181608,1790316567876181768,0.16
malloc,473,1790316567876184986,1790316567876185184,0.198
malloc,419,1790316567876188250,1790316567876188487,0.237
malloc,2206,1790316567876191654,1790316567876194347,2.693
malloc,2962,1790316567876197920,1790316567876200518,2.598
malloc,834,1790316567876203903,1790316567876204167,0.264
malloc,3324,1790316567876207357,1790316567876207507,0.15
malloc,3907,1790316567876210646,1790316567876213328,2.682
malloc,34,1790316567876216665,1790316567876216917,0.252
malloc,2187,1790316567876220025,1790316567876222846,2.821
malloc,1445,1790316567876226179,1790316567876226335,0.156
malloc,3967,1790316567876229540,1790316567876232193,2.653
malloc,2607,1790316567876235523,1790316567876238074,2.551
malloc,1726,1790316567876241474,1790316567876241645,0.171
malloc,2225,1790316567876244751,1790316567876247484,2.733
malloc,1470,1790316567876250950,1790316567876251109,0.159
malloc,3029,1790316567876254249,1790316567876256930,2.681
malloc,1362,1790316567876261996,1790316567876262216,0.22
malloc,3586,1790316567876266024,1790316567876268852,2.828
malloc,3265,1790316567876272196,1790316567876274873,2.677
malloc,2120,1790316567876278248,1790316567876278406,0.158
malloc,2999,1790316567876281654,1790316567876284280,2.626
malloc,3753,1790316567876287677,1790316567876295330,7.653
malloc,2230,1790316567876298939,1790316567876301555,2.616
malloc,1020,1790316567876305111,1790316567876305296,0.185
malloc,3802,1790316567876308497,1790316567876311182,2.685
malloc,3770,1790316567876314482,1790316567876317195,2.713
malloc,1093,1790316567876320492,1790316567876320661,0.169
malloc,31,1790316567876323760,1790316567876323994,0.234
malloc,2924,1790316567876327158,1790316567876330005,2.847
malloc,2359,1790316567876333464,1790316567876333617,0.153
malloc,1846,1790316567876336815,1790316567876339526,2.711
malloc,3148,1790316567876342883,1790316567876343050,0.167
malloc,2529,1790316567876346157,1790316567876348816,2.659
malloc,3803,1790316567876353885,1790316567876356764,2.879
malloc,1780,1790316567876360887,1790316567876361043,0.156
malloc,3347,1790316567876364309,1790316567876367042,2.733
malloc,2797,1790316567876370427,1790316567876373016,2.589
malloc,1591,1790316567876376352,1790316567876376510,0.158
malloc,3365,1790316567876379633,1790316567876382306,2.673
malloc,654,1790316567876385620,1790316567876385852,0.232
malloc,3020,1790316567876393833,1790316567876396480,2.647
malloc,3002,1790316567876400157,1790316567876402784,2.627
malloc,3012,1790316567876406231,1790316567876406389,0.158
malloc,416,1790316567876409491,1790316567876414653,5.162
malloc,1130,1790316567876418260,1790316567876418435,0.175
malloc,152,1790316567876421682,1790316567876421952,0.27
malloc,3197,1790316567876425061,1790316567876427741,2.68
malloc,2477,1790316567876431156,1790316567876431315,0.159
malloc,3722,1790316567876434430,1790316567876437156,2.726
malloc,2365,1790316567876440532,1790316567876443163,2.631
malloc,267,1790316567876448750,1790316567876449055,0.305
malloc,2625,1790316567876452812,1790316567876452951,0.139
malloc,2021,1790316567876456090,1790316567876458847,2.757
malloc,2481,1790316567876462196,1790316567876464903,2.707
malloc,3396,1790316567876468319,1790316567876468481,0.162
malloc,1726,1790316567876471635,1790316567876474196,2.561
malloc,2155,1790316567876477551,1790316567876477707,0.156
malloc,393,1790316567876480807,1790316567876480970,0.163
malloc,1508,1790316567876484054,1790316567876486817,2.763
malloc,749,1790316567876490305,1790316567876490600,0.295
malloc,2503,1790316567876493842,1790316567876496424,2.582
malloc,3338,1790316567876499901,1790316567876500067,0.166
malloc,3649,1790316567876503228,1790316567876505863,2.635
malloc,935,1790316567876509131,1790316567876509344,0.213
malloc,2811,1790316567876512523,1790316567876515217,2.694
malloc,1332,1790316567876518574,1790316567876518727,0.153
malloc,4033,1790316567876521961,1790316567876524560,2.599
malloc,1511,1790316567876527923,1790316567876530519,2.596
malloc,2674,1790316567876533951,1790316567876534111,0.16
malloc,3068,1790316567876537253,1790316567876539999,2.746
malloc,1917,1790316567876545122,1790316567876547911,2.789
malloc,1364,1790316567876551630,1790316567876551784,0.154
malloc,1973,1790316567876555043,1790316567876557648,2.605
malloc,832,1790316567876560989,1790316567876561189,0.2
malloc,1765,1790316567876564675,1790316567876564838,0.163
malloc,2855,1790316567876568193,1790316567876570799,2.606
malloc,969,1790316567876574252,1790316567876574432,0.18
malloc,632,1790316567876577697,1790316567876577951,0.254
malloc,1002,1790316567876581151,1790316567876581436,0.285
malloc,361,1790316567876584577,1790316567876584741,0.164
malloc,2981,1790316567876587868,1790316567876595568,7.7
malloc,1253,1790316567876599346,1790316567876599503,0.157
malloc,2970,1790316567876602786,1790316567876605368,2.582
malloc,672,1790316567876608793,1790316567876609010,0.217
malloc,3718,1790316567876616648,1790316567876619608,2.96
malloc,2037,1790316567876623201,1790316567876623559,0.358
malloc,2149,1790316567876627043,1790316567876629764,2.721
malloc,1543,1790316567876635012,1790316567876635326,0.314
malloc,2414,1790316567876638877,1790316567876639037,0.16
malloc,3641,1790316567876642198,1790316567876644917,2.719
malloc,2044,1790316567876648342,1790316567876650991,2.649
malloc,587,1790316567876654619,1790316567876654809,0.19
malloc,2649,1790316567876658151,1790316567876660729,2.578
malloc,1363,1790316567876664108,1790316567876664264,0.156
malloc,1506,1790316567876667454,1790316567876667591,0.137
malloc,1363,1790316567876670734,1790316567876673393,2.659
malloc,2679,1790316567876676690,1790316567876676849,0.159
malloc,1209,1790316567876680111,1790316567876683541,3.43
malloc,2625,1790316567876687051,1790316567876687194,0.143
malloc,1024,1790316567876690422,1790316567876693184,2.762
malloc,180,1790316567876696702,1790316567876696977,0.275
malloc,212,1790316567876700202,1790316567876700459,0.257
malloc,2372,1790316567876703589,1790316567876703730,0.141
malloc,1904,1790316567876707122,1790316567876709900,2.778
malloc,1029,1790316567876713376,1790316567876713564,0.188
malloc,40,1790316567876716744,1790316567876716948,0.204
malloc,662,1790316567876720075,1790316567876720251,0.176
malloc,1749,1790316567876723387,1790316567876723528,0.141
malloc,656,1790316567876728361,1790316567876731215,2.854
malloc,1648,1790316567876735231,1790316567876735447,0.216
malloc,2094,1790316567876738724,1790316567876741364,2.64
malloc,3388,1790316567876749255,1790316567876749424,0.169
malloc,2885,1790316567876752888,1790316567876755647,2.759
malloc,735,1790316567876759006,1790316567876759179,0.173
malloc,4044,1790316567876762483,1790316567876765270,2.787
malloc,2274,1790316567876768707,1790316567876773855,5.148
malloc,2756,1790316567876777534,1790316567876780204,2.67
malloc,2096,1790316567876783685,1790316567876783823,0.138
malloc,3801,1790316567876787095,1790316567876789808,2.713
malloc,840,1790316567876793233,1790316567876793452,0.219
malloc,1640,1790316567876796646,1790316567876799272,2.626
malloc,1748,1790316567876802559,1790316567876802714,0.155
malloc,1411,1790316567876805871,1790316567876806008,0.137
malloc,4040,1790316567876809085,1790316567876811661,2.576
malloc,2862,1790316567876815193,1790316567876817803,2.61
malloc,2668,1790316567876823509,1790316567876826340,2.831
malloc,1073,1790316567876830183,1790316567876830342,0.159
malloc,1212,1790316567876833569,1790316567876833708,0.139
malloc,3861,1790316567876836845,1790316567876839634,2.789
malloc,3450,1790316567876843223,1790316567876845841,2.618
malloc,2220,1790316567876849232,1790316567876851860,2.628
malloc,3792,1790316567876855189,1790316567876857709,2.52
malloc,3646,1790316567876861076,1790316567876861247,0.171
malloc,495,1790316567876864341,1790316567876864641,0.3
malloc,1599,1790316567876868131,1790316567876870793,2.662
malloc,578,1790316567876874153,1790316567876874425,0.272
malloc,287,1790316567876877682,1790316567876877999,0.317
malloc,2246,1790316567876881163,1790316567876881297,0.134
malloc,2078,1790316567876884362,1790316567876886937,2.575
malloc,694,1790316567876890221,1790316567876890405,0.184
malloc,3645,1790316567876893726,1790316567876896408,2.682
malloc,76,1790316567876899776,1790316567876900007,0.231
malloc,4067,1790316567876903203,1790316567876910839,7.636
malloc,2434,1790316567876916235,1790316567876919114,2.879
malloc,562,1790316567876922862,1790316567876923047,0.185
malloc,3781,1790316567876926513,1790316567876929131,2.618
malloc,611,1790316567876932580,1790316567876932860,0.28
malloc,3069,1790316567876936094,1790316567876936261,0.167
malloc,1781,1790316567876939347,1790316567876941979,2.632
malloc,82,1790316567876945352,1790316567876945555,0.203
malloc,3660,1790316567876948711,1790316567876951386,2.675
malloc,3172,1790316567876954755,1790316567876957407,2.652
malloc,1582,1790316567876960899,1790316567876961053,0.154
malloc,974,1790316567876964223,1790316567876964420,0.197
malloc,3116,1790316567876967570,1790316567876970186,2.616
malloc,347,1790316567876973499,1790316567876973686,0.187
malloc,3393,1790316567876977041,1790316567876979716,2.675
malloc,3940,1790316567876983107,1790316567876985779,2.672
malloc,1543,1790316567876989151,1790316567876989312,0.161
malloc,3157,1790316567876992440,1790316567876995113,2.673
malloc,3293,1790316567876998415,1790316567877001220,2.805
malloc,3747,1790316567877004688,1790316567877007266,2.578
malloc,2619,1790316567877012433,1790316567877012640,0.207
malloc,2843,1790316567877016371,1790316567877028559,12.188
malloc,3994,1790316567877034351,1790316567877037342,2.991
malloc,121,1790316567877040967,1790316567877041162,0.195
malloc,3172,1790316567877044464,1790316567877047026,2.562
malloc,184,1790316567877050340,1790316567877050526,0.186
malloc,2118,1790316567877053717,1790316567877053868,0.151
malloc,1154,1790316567877056991,1790316567877059597,2.606
malloc,862,1790316567877063171,1790316567877063370,0.199
malloc,1667,1790316567877066589,1790316567877066741,0.152
malloc,981,1790316567877069908,1790316567877072642,2.734
malloc,599,1790316567877076091,1790316567877076284,0.193
malloc,4085,1790316567877079486,1790316567877082098,2.612
malloc,1294,1790316567877085417,1790316567877085585,0.168
malloc,284,1790316567877088958,1790316567877089177,0.219
malloc,366,1790316567877092386,1790316567877092554,0.168
malloc,266,1790316567877095692,1790316567877095835,0.143
malloc,2049,1790316567877098942,1790316567877101491,2.549
malloc,199,1790316567877104857,1790316567877105165,0.308
malloc,3910,1790316567877108295,1790316567877113558,5.263
malloc,891,1790316567877121997,1790316567877122299,0.302
malloc,1765,1790316567877128568,1790316567877128804,0.236
malloc,554,1790316567877132642,1790316567877132871,0.229
malloc,3758,1790316567877136044,1790316567877139123,3.079
malloc,1864,1790316567877142617,1790316567877145173,2.556
malloc,3931,1790316567877148763,1790316567877151339,2.576
malloc,3602,1790316567877154791,1790316567877157333,2.542
malloc,3391,1790316567877160711,1790316567877160853,0.142
malloc,2758,1790316567877164023,1790316567877166715,2.692
malloc,2798,1790316567877170003,1790316567877172820,2.817
malloc,2809,1790316567877176198,1790316567877176359,0.161
malloc,1280,1790316567877179517,1790316567877182155,2.638
malloc,1311,1790316567877185588,1790316567877185745,0.157
malloc,2706,1790316567877188894,1790316567877191487,2.593
malloc,1152,1790316567877194829,1790316567877194988,0.159
malloc,387,1790316567877198316,1790316567877198492,0.176
malloc,2641,1790316567877201701,1790316567877204372,2.671
malloc,3255,1790316567877207743,1790316567877210326,2.583
malloc,1292,1790316567877213686,1790316567877213856,0.17
malloc,3487,1790316567877217039,1790316567877224771,7.732
malloc,825,1790316567877230332,1790316567877230640,0.308
malloc,2024,1790316567877234454,1790316567877234628,0.174
malloc,3838,1790316567877237837,1790316567877240708,2.871
malloc,580,1790316567877244076,1790316567877246727,2.651
malloc,3302,1790316567877250186,1790316567877250357,0.171
malloc,25,1790316567877253483,1790316567877253705,0.222
malloc,930,1790316567877257000,1790316567877259585,2.585
malloc,3319,1790316567877263057,1790316567877263213,0.156
malloc,1825,1790316567877266356,1790316567877268991,2.635
malloc,1113,1790316567877272340,1790316567877272504,0.164
malloc,3132,1790316567877275625,1790316567877278163,2.538
malloc,2700,1790316567877281642,1790316567877284222,2.58
malloc,2630,1790316567877287683,1790316567877287842,0.159
malloc,3437,1790316567877290977,1790316567877293556,2.579
malloc,2362,1790316567877296907,1790316567877299490,2.583
malloc,397,1790316567877302930,1790316567877303151,0.221
malloc,3271,1790316567877306532,1790316567877306685,0.153
malloc,1634,1790316567877309858,1790316567877312513,2.655
malloc,3539,1790316567877317668,1790316567877320574,2.906
malloc,1699,1790316567877324322,1790316567877324481,0.159
malloc,102,1790316567877327708,1790316567877327912,0.204
malloc,2251,1790316567877331072,1790316567877334354,3.282
malloc,2730,1790316567877337827,1790316567877337987,0.16
malloc,1398,1790316567877341295,1790316567877343943,2.648
malloc,627,1790316567877347334,1790316567877347526,0.192
malloc,3866,1790316567877350747,1790316567877353311,2.564
malloc,1536,1790316567877356601,1790316567877356754,0.153
malloc,3252,1790316567877360105,1790316567877362757,2.652
malloc,3024,1790316567877366146,1790316567877368752,2.606
malloc,2812,1790316567877372077,1790316567877372236,0.159
malloc,2410,1790316567877375350,1790316567877377983,2.633
malloc,3833,1790316567877381239,1790316567877383910,2.671
malloc,506,1790316567877387323,1790316567877387504,0.181
malloc,2151,1790316567877390755,1790316567877393384,2.629
malloc,83,1790316567877396764,1790316567877396968,0.204
malloc,3792,1790316567877400140,1790316567877402693,2.553
malloc,2160,1790316567877407918,1790316567877408138,0.22
malloc,764,1790316567877411916,1790316567877412112,0.196
malloc,3014,1790316567877415271,1790316567877418066,2.795
malloc,3969,1790316567877421421,1790316567877424137,2.716
malloc,1862,1790316567877427518,1790316567877432523,5.005
malloc,1816,1790316567877436273,1790316567877436460,0.187
malloc,2339,1790316567877439692,1790316567877442313,2.621
malloc,162,1790316567877445688,1790316567877445981,0.293
malloc,1156,1790316567877449182,1790316567877449321,0.139
malloc,371,1790316567877452413,1790316567877452616,0.203
malloc,543,1790316567877455772,1790316567877455939,0.167
malloc,97,1790316567877459011,1790316567877459201,0.19
malloc,1989,1790316567877462527,1790316567877465159,2.632
malloc,3833,1790316567877468564,1790316567877471123,2.559
malloc,1780,1790316567877474578,1790316567877474737,0.159
malloc,2076,1790316567877482134,1790316567877482292,0.158
malloc,1988,1790316567877485680,1790316567877488513,2.833
malloc,413,1790316567877492079,1790316567877492268,0.189
malloc,3225,1790316567877495483,1790316567877498170,2.687
malloc,2599,1790316567877503700,1790316567877503920,0.22
malloc,182,1790316567877507431,1790316567877510212,2.781
malloc,664,1790316567877513536,1790316567877513716,0.18
malloc,1522,1790316567877516886,1790316567877517038,0.152
malloc,2958,1790316567877520323,1790316567877522952,2.629
malloc,3460,1790316567877526406,1790316567877534107,7.701
malloc,3916,1790316567877537740,1790316567877540419,2.679
malloc,2694,1790316567877543839,1790316567877544000,0.161
malloc,3950,1790316567877547132,1790316567877549917,2.785
malloc,1970,1790316567877553273,1790316567877555886,2.613
malloc,2529,1790316567877559258,1790316567877559418,0.16
malloc,3412,1790316567877562587,1790316567877565268,2.681
malloc,3881,1790316567877568580,1790316567877571274,2.694
malloc,3277,1790316567877574797,1790316567877577309,2.512
malloc,2096,1790316567877580645,1790316567877580823,0.178
malloc,3520,1790316567877584020,1790316567877586652,2.632
malloc,809,1790316567877589902,1790316567877590197,0.295
malloc,3896,1790316567877595169,1790316567877597977,2.808
malloc,1762,1790316567877601807,1790316567877604456,2.649
malloc,955,1790316567877607845,1790316567877608042,0.197
malloc,955,1790316567877611356,1790316567877611533,0.177
malloc,1885,1790316567877614780,1790316567877617365,2.585
malloc,1249,1790316567877620697,1790316567877620869,0.172
malloc,1036,1790316567877624059,1790316567877624198,0.139
malloc,3858,1790316567877627565,1790316567877630202,2.637
malloc,986,1790316567877633622,1790316567877633814,0.192
malloc,2567,1790316567877637122,1790316567877639882,2.76
malloc,1604,1790316567877643347,1790316567877643500,0.153
malloc,2725,1790316567877646690,1790316567877649363,2.673
malloc,2964,1790316567877652875,1790316567877655517,2.642
malloc,732,1790316567877658891,1790316567877659075,0.184
malloc,1227,1790316567877662254,1790316567877662391,0.137
malloc,2897,1790316567877665479,1790316567877668084,2.605
malloc,1380,1790316567877671366,1790316567877671526,0.16
malloc,2733,1790316567877674683,1790316567877677460,2.777
malloc,1758,1790316567877680797,1790316567877680953,0.156
malloc,510,1790316567877684220,1790316567877686889,2.669
malloc,2319,1790316567877691998,1790316567877692214,0.216
malloc,123,1790316567877695979,1790316567877696182,0.203
malloc,130,1790316567877699384,1790316567877699565,0.181
malloc,4040,1790316567877702681,1790316567877705524,2.843
malloc,2636,1790316567877709000,1790316567877711706,2.706
malloc,3526,1790316567877715190,1790316567877717767,2.577
malloc,3824,1790316567877721186,1790316567877723793,2.607
malloc,1816,1790316567877727094,1790316567877727232,0.138
malloc,1292,1790316567877730545,1790316567877730684,0.139
malloc,3014,1790316567877733868,1790316567877736411,2.543
malloc,2610,1790316567877739691,1790316567877742308,2.617
malloc,1091,1790316567877745634,1790316567877745795,0.161
malloc,680,1790316567877748933,1790316567877749104,0.171
malloc,3316,1790316567877752236,1790316567877755061,2.825
malloc,1797,1790316567877758435,1790316567877763388,4.953
malloc,2549,1790316567877766927,1790316567877767118,0.191
malloc,469,1790316567877770368,1790316567877770721,0.353
malloc,2584,1790316567877773992,1790316567877776628,2.636
malloc,2077,1790316567877782143,1790316567877782362,0.219
malloc,1206,1790316567877785822,1790316567877788599,2.777
malloc,1054,1790316567877791994,1790316567877792154,0.16
malloc,3666,1790316567877795347,1790316567877798124,2.777
malloc,3915,1790316567877801420,1790316567877804012,2.592
malloc,3769,1790316567877807512,1790316567877810262,2.75
malloc,68,1790316567877813784,1790316567877814014,0.23
malloc,812,1790316567877817248,1790316567877817424,0.176
malloc,2570,1790316567877820612,1790316567877820752,0.14
malloc,1200,1790316567877823885,1790316567877831445,7.56
malloc,3297,1790316567877834964,1790316567877837621,2.657
malloc,231,1790316567877841060,1790316567877841355,0.295
malloc,1694,1790316567877848628,1790316567877848785,0.157
malloc,1519,1790316567877852275,1790316567877852442,0.167
malloc,105,1790316567877855511,1790316567877855783,0.272
malloc,1809,1790316567877858882,1790316567877861539,2.657
malloc,1463,1790316567877864874,1790316567877865025,0.151
malloc,2725,1790316567877868418,1790316567877871030,2.612
malloc,1005,1790316567877876510,1790316567877876781,0.271
malloc,957,1790316567877880350,1790316567877880533,0.183
malloc,212,1790316567877883822,1790316567877884010,0.188
malloc,2282,1790316567877887122,1790316567877889888,2.766
malloc,3956,1790316567877893198,1790316567877895983,2.785
malloc,2573,1790316567877899384,1790316567877901928,2.544
malloc,3124,1790316567877905305,1790316567877905472,0.167
malloc,306,1790316567877908578,1790316567877908764,0.186
malloc,1792,1790316567877911956,1790316567877914607,2.651
malloc,825,1790316567877917965,1790316567877918144,0.179
malloc,2839,1790316567877927980,1790316567877928450,0.47
malloc,2012,1790316567877931745,1790316567877934689,2.944
malloc,3160,1790316567877938112,1790316567877938294,0.182
malloc,586,1790316567877941515,1790316567877941811,0.296
malloc,3202,1790316567877945002,1790316567877947871,2.869
malloc,118,1790316567877951261,1790316567877951565,0.304
malloc,4003,1790316567877954844,1790316567877957857,3.013
malloc,3020,1790316567877961356,1790316567877964326,2.97
malloc,3871,1790316567877969725,1790316567877972579,2.854
malloc,4056,1790316567877976514,1790316567877979212,2.698
malloc,3584,1790316567877982656,1790316567877985184,2.528
malloc,2111,1790316567877988452,1790316567877988631,0.179
malloc,1159,1790316567877991812,1790316567877992023,0.211
malloc,2784,1790316567877995179,1790316567877997815,2.636
malloc,2094,1790316567878001372,1790316567878003979,2.607
malloc,2604,1790316567878007398,1790316567878007574,0.176
malloc,206,1790316567878010732,1790316567878010988,0.256
malloc,2183,1790316567878014159,1790316567878016933,2.774
malloc,83,1790316567878029695,1790316567878030125,0.43
malloc,1420,1790316567878033897,1790316567878034137,0.24
malloc,579,1790316567878037373,1790316567878037652,0.279
malloc,840,1790316567878040799,1790316567878043968,3.169
malloc,2362,1790316567878047320,1790316567878047473,0.153
malloc,775,1790316567878050596,1790316567878050767,0.171
malloc,2873,1790316567878053862,1790316567878056560,2.698
malloc,1988,1790316567878060067,1790316567878062773,2.706
malloc,3332,1790316567878066203,1790316567878066367,0.164
malloc,1900,1790316567878071662,1790316567878074476,2.814
malloc,2278,1790316567878078311,1790316567878078489,0.178
malloc,1027,1790316567878081700,1790316567878084433,2.733
malloc,2476,1790316567878088021,1790316567878088181,0.16
malloc,787,1790316567878091480,1790316567878091764,0.284
malloc,3024,1790316567878094998,1790316567878097650,2.652
malloc,1540,1790316567878101096,1790316567878101256,0.16
malloc,1357,1790316567878104511,1790316567878107233,2.722
malloc,1896,1790316567878110539,1790316567878110703,0.164
malloc,1642,1790316567878114082,1790316567878119752,5.67
malloc,1031,1790316567878123509,1790316567878123719,0.21
malloc,587,1790316567878127097,1790316567878127281,0.184
malloc,1183,1790316567878130533,1790316567878130669,0.136
malloc,990,1790316567878133847,1790316567878134025,0.178
malloc,74,1790316567878137238,1790316567878137551,0.313
malloc,3046,1790316567878140884,1790316567878143572,2.688
malloc,1900,1790316567878147029,1790316567878149733,2.704
malloc,2842,1790316567878153218,1790316567878153380,0.162
malloc,1043,1790316567878156591,1790316567878164374,7.783
malloc,174,1790316567878169872,1790316567878170282,0.41
malloc,2799,1790316567878174053,1790316567878174234,0.181
malloc,3210,1790316567878177547,1790316567878180484,2.937
malloc,242,1790316567878183834,1790316567878184127,0.293
malloc,123,1790316567878187356,1790316567878187533,0.177
malloc,3540,1790316567878190764,1790316567878193382,2.618
malloc,1066,1790316567878196739,1790316567878196901,0.162
malloc,2236,1790316567878200276,1790316567878202944,2.668
malloc,218,1790316567878206295,1790316567878206509,0.214
malloc,3923,1790316567878214482,1790316567878217228,2.746
malloc,127,1790316567878220915,1790316567878221110,0.195
malloc,3534,1790316567878224382,1790316567878226995,2.613
malloc,1493,1790316567878230548,1790316567878230712,0.164
malloc,2389,1790316567878233904,1790316567878236533,2.629
malloc,232,1790316567878239845,1790316567878240047,0.202
malloc,3954,1790316567878243251,1790316567878245860,2.609
malloc,3160,1790316567878249146,1790316567878251808,2.662
malloc,3007,1790316567878257230,1790316567878257463,0.233
malloc,1397,1790316567878261064,1790316567878263904,2.84
malloc,187,1790316567878267407,1790316567878267617,0.21
malloc,573,1790316567878270827,1790316567878271006,0.179
malloc,2790,1790316567878274162,1790316567878276818,2.656
malloc,1202,1790316567878280121,1790316567878280277,0.156
malloc,1144,1790316567878283560,1790316567878283725,0.165
malloc,3724,1790316567878286887,1790316567878289523,2.636
malloc,1943,1790316567878292895,1790316567878295598,2.703
malloc,969,1790316567878298938,1790316567878299126,0.188
malloc,2673,1790316567878302293,1790316567878302430,0.137
malloc,3594,1790316567878305585,1790316567878308390,2.805
malloc,3562,1790316567878311742,1790316567878314428,2.686
malloc,3467,1790316567878317823,1790316567878320470,2.647
malloc,3753,1790316567878323865,1790316567878326659,2.794
malloc,2265,1790316567878330013,1790316567878330168,0.155
malloc,2348,1790316567878333513,1790316567878336240,2.727
malloc,3979,1790316567878339596,1790316567878342253,2.657
malloc,2139,1790316567878345588,1790316567878348285,2.697
malloc,1791,1790316567878353308,1790316567878353530,0.222
malloc,715,1790316567878357026,1790316567878357237,0.211
malloc,45,1790316567878360645,1790316567878360933,0.288
malloc,1994,1790316567878364103,1790316567878367072,2.969
malloc,541,1790316567878370568,1790316567878370757,0.189
malloc,156,1790316567878373997,1790316567878374178,0.181
malloc,1198,1790316567878377324,1790316567878377462,0.138
malloc,1785,1790316567878380576,1790316567878380709,0.133
malloc,2296,1790316567878383821,1790316567878386528,2.707
malloc,1414,1790316567878389951,1790316567878390115,0.164
malloc,1642,1790316567878393282,1790316567878396019,2.737
malloc,1126,1790316567878399327,1790316567878399490,0.163
malloc,91,1790316567878402644,1790316567878402871,0.227
malloc,2790,1790316567878405974,1790316567878408665,2.691
malloc,1297,1790316567878412205,1790316567878412369,0.164
malloc,649,1790316567878415545,1790316567878415726,0.181
malloc,1250,1790316567878418867,1790316567878421523,2.656
malloc,2251,1790316567878424832,1790316567878424994,0.162
malloc,1544,1790316567878428110,1790316567878428249,0.139
malloc,645,1790316567878431350,1790316567878431622,0.272
malloc,97,1790316567878434704,1790316567878434914,0.21
malloc,2498,1790316567878438243,1790316567878440850,2.607
malloc,3069,1790316567878445811,1790316567878448617,2.806
malloc,3676,1790316567878452248,1790316567878454842,2.594
malloc,1963,1790316567878458209,1790316567878458361,0.152
malloc,2440,1790316567878461630,1790316567878464441,2.811
malloc,3332,1790316567878467797,1790316567878470401,2.604
malloc,3979,1790316567878473791,1790316567878483700,9.909
malloc,458,1790316567878487848,1790316567878488089,0.241
malloc,2981,1790316567878491375,1790316567878491546,0.171
malloc,2021,1790316567878494828,1790316567878497568,2.74
malloc,2233,1790316567878500949,1790316567878503573,2.624
malloc,3680,1790316567878506897,1790316567878507054,0.157
malloc,2050,1790316567878510228,1790316567878512829,2.601
malloc,3978,1790316567878516231,1790316567878519054,2.823
malloc,3972,1790316567878522517,1790316567878525128,2.611
malloc,1957,1790316567878528482,1790316567878528637,0.155
malloc,847,1790316567878531846,1790316567878532114,0.268
malloc,1660,1790316567878537158,1790316567878540017,2.859
malloc,156,1790316567878543684,1790316567878543880,0.196
malloc,2012,1790316567878547328,1790316567878547465,0.137
malloc,3054,1790316567878550724,1790316567878553430,2.706
malloc,1266,1790316567878556829,1790316567878557016,0.187
malloc,2088,1790316567878560174,1790316567878562829,2.655
malloc,1747,1790316567878570128,1790316567878570288,0.16
malloc,2315,1790316567878573890,1790316567878576758,2.868
malloc,2721,1790316567878580276,1790316567878582805,2.529
malloc,2749,1790316567878586273,1790316567878586423,0.15
malloc,469,1790316567878589690,1790316567878589869,0.179
malloc,168,1790316567878593037,1790316567878593207,0.17
malloc,3378,1790316567878596349,1790316567878599009,2.66
malloc,550,1790316567878602572,1790316567878602770,0.198
malloc,2417,1790316567878605953,1790316567878608752,2.799
malloc,2350,1790316567878612076,1790316567878614703,2.627
malloc,3977,1790316567878618039,1790316567878621120,3.081
malloc,284,1790316567878624592,1790316567878624793,0.201
malloc,460,1790316567878630081,1790316567878630281,0.2
malloc,3212,1790316567878634010,1790316567878634158,0.148
malloc,4014,1790316567878637395,1790316567878640230,2.835
malloc,902,1790316567878643638,1790316567878646209,2.571
malloc,2096,1790316567878649708,1790316567878649870,0.162
malloc,1939,1790316567878653004,1790316567878655904,2.9
malloc,3120,1790316567878659439,1790316567878659606,0.167
malloc,1446,1790316567878662757,1790316567878665401,2.644
malloc,3740,1790316567878668801,1790316567878671420,2.619
malloc,2768,1790316567878674837,1790316567878675000,0.163
malloc,1321,1790316567878678130,1790316567878680858,2.728
malloc,1368,1790316567878684300,1790316567878684457,0.157
malloc,3599,1790316567878687665,1790316567878690290,2.625
malloc,2733,1790316567878693746,1790316567878696263,2.517
malloc,1275,1790316567878699629,1790316567878699788,0.159
malloc,1515,1790316567878702864,1790316567878702999,0.135
malloc,1690,1790316567878706308,1790316567878708935,2.627
malloc,2526,1790316567878712301,1790316567878712455,0.154
malloc,3587,1790316567878715587,1790316567878718213,2.626
malloc,3188,1790316567878723410,1790316567878726187,2.777
malloc,511,1790316567878729969,1790316567878730168,0.199
malloc,1978,1790316567878733564,1790316567878736142,2.578
malloc,1840,1790316567878739490,1790316567878739647,0.157
malloc,964,1790316567878742870,1790316567878743042,0.172
malloc,1897,1790316567878746237,1790316567878748888,2.651
malloc,888,1790316567878752226,1790316567878752416,0.19
malloc,1265,1790316567878755558,1790316567878755696,0.138
malloc,218,1790316567878758985,1790316567878759168,0.183
malloc,3223,1790316567878762376,1790316567878764913,2.537
malloc,1146,1790316567878768342,1790316567878768500,0.158
malloc,253,1790316567878771699,1790316567878771988,0.289
malloc,3667,1790316567878775207,1790316567878777870,2.663
malloc,261,1790316567878781267,1790316567878781479,0.212
malloc,170,1790316567878784843,1790316567878785013,0.17
malloc,473,1790316567878788195,1790316567878795744,7.549
malloc,2109,1790316567878799256,1790316567878799439,0.183
malloc,1860,1790316567878802584,1790316567878805300,2.716
malloc,3344,1790316567878808578,1790316567878808747,0.169
malloc,3539,1790316567878811840,1790316567878814511,2.671
malloc,1271,1790316567878819710,1790316567878824916,5.206
malloc,2015,1790316567878829147,1790316567878829336,0.189
malloc,531,1790316567878832580,1790316567878832797,0.217
malloc,2390,1790316567878836012,1790316567878838666,2.654
malloc,1285,1790316567878842146,1790316567878842318,0.172
malloc,3248,1790316567878845468,1790316567878848091,2.623
malloc,3649,1790316567878851395,1790316567878854031,2.636
malloc,2784,1790316567878857397,1790316567878857560,0.163
malloc,841,1790316567878860629,1790316567878863319,2.69
malloc,1845,1790316567878866900,1790316567878867060,0.16
malloc,2041,1790316567878870250,1790316567878872823,2.573
malloc,3780,1790316567878876126,1790316567878878743,2.617
malloc,2340,1790316567878882093,1790316567878882248,0.155
malloc,3770,1790316567878885357,1790316567878887940,2.583
malloc,1524,1790316567878891470,1790316567878891630,0.16
malloc,3288,1790316567878894813,1790316567878897441,2.628
malloc,1570,1790316567878900828,1790316567878903330,2.502
malloc,2396,1790316567878906884,1790316567878907037,0.153
malloc,457,1790316567878912015,1790316567878912283,0.268
malloc,1539,1790316567878916381,1790316567878919303,2.922
malloc,1289,1790316567878923133,1790316567878923298,0.165
malloc,1587,1790316567878930757,1790316567878930915,0.158
malloc,1543,1790316567878934363,1790316567878937134,2.771
malloc,860,1790316567878940551,1790316567878940748,0.197
malloc,1599,1790316567878943899,1790316567878944036,0.137
malloc,1698,1790316567878947091,1790316567878949775,2.684
malloc,1084,1790316567878953219,1790316567878953395,0.176
malloc,3459,1790316567878956580,1790316567878959229,2.649
malloc,3309,1790316567878962636,1790316567878965189,2.553
malloc,98,1790316567878968620,1790316567878968840,0.22
malloc,2902,1790316567878971976,1790316567878972112,0.136
malloc,250,1790316567878975381,1790316567878978074,2.693
malloc,1864,1790316567878981472,1790316567878981632,0.16
malloc,3417,1790316567878984734,1790316567878987447,2.713
malloc,2624,1790316567878990772,1790316567878993431,2.659
malloc,3133,1790316567878996841,1790316567878997010,0.169
malloc,2335,1790316567879000385,1790316567879002975,2.59
malloc,2177,1790316567879008427,1790316567879008663,0.236
malloc,1587,1790316567879012240,1790316567879015077,2.837
malloc,2927,1790316567879025437,1790316567879025697,0.26
malloc,4006,1790316567879029697,1790316567879032761,3.064
malloc,3612,1790316567879036298,1790316567879038940,2.642
malloc,2610,1790316567879042327,1790316567879044840,2.513
malloc,2250,1790316567879048157,1790316567879050720,2.563
malloc,3285,1790316567879054028,1790316567879054177,0.149
malloc,37,1790316567879057499,1790316567879057778,0.279
malloc,1208,1790316567879060943,1790316567879063498,2.555
malloc,526,1790316567879066860,1790316567879067054,0.194
malloc,2185,1790316567879070196,1790316567879070363,0.167
malloc,1416,1790316567879073461,1790316567879076039,2.578
malloc,2049,1790316567879079310,1790316567879079467,0.157
malloc,3458,1790316567879082714,1790316567879085244,2.53
malloc,2987,1790316567879088650,1790316567879096297,7.647
malloc,3344,1790316567879102047,1790316567879104902,2.855
malloc,4069,1790316567879108732,1790316567879111330,2.598
malloc,257,1790316567879114910,1790316567879115110,0.2
malloc,712,1790316567879118393,1790316567879118663,0.27
malloc,823,1790316567879121789,1790316567879121969,0.18
malloc,3700,1790316567879125119,1790316567879127605,2.486
malloc,4005,1790316567879130881,1790316567879133470,2.589
malloc,672,1790316567879136789,1790316567879136977,0.188
malloc,2272,1790316567879140287,1790316567879140435,0.148
malloc,159,1790316567879143597,1790316567879146327,2.73
malloc,2521,1790316567879149713,1790316567879149881,0.168
malloc,1359,1790316567879153031,1790316567879153178,0.147
malloc,2534,1790316567879156276,1790316567879161577,5.301
malloc,1324,1790316567879165450,1790316567879165635,0.185
malloc,3678,1790316567879168889,1790316567879171436,2.547
malloc,614,1790316567879174754,1790316567879174970,0.216
malloc,2896,1790316567879178110,1790316567879180715,2.605
malloc,2508,1790316567879184045,1790316567879186587,2.542
malloc,291,1790316567879190072,1790316567879190270,0.198
malloc,2178,1790316567879195347,1790316567879195518,0.171
malloc,1022,1790316567879199219,1790316567879202077,2.858
malloc,2525,1790316567879205449,1790316567879205607,0.158
malloc,1367,1790316567879208681,1790316567879211192,2.511
malloc,810,1790316567879214492,1790316567879214706,0.214
malloc,3484,1790316567879218022,1790316567879220813,2.791
malloc,1644,1790316567879224207,1790316567879224367,0.16
malloc,2746,1790316567879227556,1790316567879230071,2.515
malloc,804,1790316567879233407,1790316567879233596,0.189
malloc,3677,1790316567879236672,1790316567879239345,2.673
malloc,1875,1790316567879242826,1790316567879242983,0.157
malloc,3542,1790316567879246132,1790316567879248711,2.579
malloc,2691,1790316567879252028,1790316567879255290,3.262
malloc,1847,1790316567879258628,1790316567879258788,0.16
malloc,3783,1790316567879261955,1790316567879264500,2.545
malloc,3387,1790316567879267983,1790316567879270591,2.608
malloc,2422,1790316567879274013,1790316567879276795,2.782
malloc,3387,1790316567879280184,1790316567879280358,0.174
malloc,3296,1790316567879283494,1790316567879286144,2.65
malloc,3078,1790316567879291359,1790316567879294520,3.161
malloc,1329,1790316567879302750,1790316567879302917,0.167
malloc,3206,1790316567879306540,1790316567879309259,2.719
malloc,1269,1790316567879312739,1790316567879312877,0.138
malloc,2673,1790316567879316018,1790316567879318612,2.594
malloc,1643,1790316567879321922,1790316567879324562,2.64
malloc,2578,1790316567879327974,1790316567879328138,0.164
malloc,2254,1790316567879331370,1790316567879333958,2.588
malloc,2009,1790316567879337287,1790316567879337453,0.166
malloc,1377,1790316567879340617,1790316567879343133,2.516
malloc,666,1790316567879346406,1790316567879346603,0.197
malloc,2284,1790316567879349960,1790316567879350095,0.135
malloc,3539,1790316567879353257,1790316567879355893,2.636
malloc,1439,1790316567879359206,1790316567879361753,2.547
malloc,479,1790316567879365038,1790316567879365218,0.18
malloc,576,1790316567879368380,1790316567879368543,0.163
malloc,2233,1790316567879371640,1790316567879371778,0.138
malloc,3947,1790316567879375038,1790316567879377702,2.664
malloc,2204,1790316567879383033,1790316567879390757,7.724
malloc,650,1790316567879394679,1790316567879394872,0.193
malloc,654,1790316567879398152,1790316567879398315,0.163
malloc,1552,1790316567879401563,1790316567879404231,2.668
malloc,2509,1790316567879407736,1790316567879407893,0.157
malloc,100,1790316567879411055,1790316567879411276,0.221
malloc,146,1790316567879414383,1790316567879414565,0.182
malloc,26,1790316567879417697,1790316567879417952,0.255
malloc,3634,1790316567879421038,1790316567879423658,2.62
malloc,3518,1790316567879427082,1790316567879429774,2.692
malloc,2432,1790316567879433301,1790316567879435879,2.578
malloc,2924,1790316567879439258,1790316567879439416,0.158
malloc,2484,1790316567879442587,1790316567879445218,2.631
malloc,1181,1790316567879448548,1790316567879448723,0.175
malloc,157,1790316567879451858,1790316567879452047,0.189
malloc,1593,1790316567879455145,1790316567879457865,2.72
malloc,2434,1790316567879461238,1790316567879461395,0.157
malloc,2581,1790316567879464519,1790316567879467224,2.705
malloc,2987,1790316567879470709,1790316567879473264,2.555
malloc,915,1790316567879478512,1790316567879478842,0.33
malloc,738,1790316567879482516,1790316567879482725,0.209
malloc,666,1790316567879486124,1790316567879486266,0.142
malloc,2276,1790316567879489415,1790316567879494592,5.177
malloc,1155,1790316567879498219,1790316567879498430,0.211
malloc,2934,1790316567879501603,1790316567879504173,2.57
malloc,1486,1790316567879507534,1790316567879507695,0.161
malloc,2578,1790316567879510980,1790316567879513551,2.571
malloc,3164,1790316567879516886,1790316567879517053,0.167
malloc,2046,1790316567879520213,1790316567879522694,2.481
malloc,482,1790316567879526032,1790316567879526239,0.207
malloc,3015,1790316567879529448,1790316567879532109,2.661
malloc,4002,1790316567879535560,1790316567879538098,2.538
malloc,1116,1790316567879541547,1790316567879541709,0.162
malloc,3420,1790316567879544871,1790316567879547483,2.612
malloc,1457,1790316567879550761,1790316567879550915,0.154
malloc,3609,1790316567879554028,1790316567879556536,2.508
malloc,3504,1790316567879560110,1790316567879562777,2.667
malloc,1354,1790316567879568092,1790316567879568280,0.188
malloc,3619,1790316567879571870,1790316567879574549,2.679
malloc,3042,1790316567879577950,1790316567879580591,2.641
malloc,775,1790316567879583983,1790316567879584195,0.212
malloc,1722,1790316567879587593,1790316567879587728,0.135
malloc,1636,1790316567879590851,1790316567879593386,2.535
malloc,3243,1790316567879596672,1790316567879599311,2.639
malloc,2887,1790316567879602693,1790316567879602859,0.166
malloc,1544,1790316567879606051,1790316567879608621,2.57
malloc,506,1790316567879612226,1790316567879612406,0.18
malloc,991,1790316567879615610,1790316567879615788,0.178
malloc,28,1790316567879618953,1790316567879619179,0.226
malloc,3245,1790316567879622304,1790316567879625020,2.716
malloc,1891,1790316567879628299,1790316567879628455,0.156
malloc,518,1790316567879631647,1790316567879634242,2.595
malloc,3662,1790316567879637772,1790316567879637944,0.172
malloc,3918,1790316567879641197,1790316567879643850,2.653
malloc,1657,1790316567879651142,1790316567879654019,2.877
malloc,2500,1790316567879659656,1790316567879659869,0.213
malloc,1074,1790316567879663431,1790316567879666187,2.756
malloc,139,1790316567879669773,1790316567879669984,0.211
malloc,1334,1790316567879673229,1790316567879673364,0.135
malloc,3105,1790316567879676475,1790316567879679090,2.615
malloc,372,1790316567879682400,1790316567879682608,0.208
malloc,252,1790316567879685737,1790316567879685901,0.164
malloc,2777,1790316567879688963,1790316567879691447,2.484
malloc,1472,1790316567879694950,1790316567879695109,0.159
malloc,3424,1790316567879698228,1790316567879705734,7.506
malloc,137,1790316567879709295,1790316567879709497,0.202
malloc,751,1790316567879712705,1790316567879712916,0.211
malloc,2598,1790316567879716015,1790316567879718595,2.58
malloc,1242,1790316567879721927,1790316567879722084,0.157
malloc,40,1790316567879725372,1790316567879725578,0.206
malloc,1310,1790316567879728747,1790316567879728881,0.134
malloc,2002,1790316567879732006,1790316567879734602,2.596
malloc,1746,1790316567879737882,1790316567879738044,0.162
malloc,2698,1790316567879741181,1790316567879743740,2.559
malloc,915,1790316567879746997,1790316567879747179,0.182
malloc,303,1790316567879752341,1790316567879752589,0.248
malloc,145,1790316567879756065,1790316567879756273,0.208
malloc,1173,1790316567879759490,1790316567879762263,2.773
malloc,1279,1790316567879765594,1790316567879765750,0.156
malloc,4006,1790316567879768866,1790316567879771428,2.562
malloc,88,1790316567879774716,1790316567879774917,0.201
malloc,2921,1790316567879778221,1790316567879780816,2.595
malloc,194,1790316567879784114,1790316567879784308,0.194
malloc,3734,1790316567879787507,1790316567879790058,2.551
malloc,2742,1790316567879793374,1790316567879793534,0.16
malloc,1835,1790316567879796655,1790316567879799251,2.596
malloc,1904,1790316567879802674,1790316567879802832,0.158
malloc,3801,1790316567879805955,1790316567879808676,2.721
malloc,1725,1790316567879811998,1790316567879814610,2.612
malloc,3223,1790316567879817859,1790316567879818025,0.166
malloc,2576,1790316567879821083,1790316567879823766,2.683
malloc,2081,1790316567879827231,1790316567879827391,0.16
malloc,3226,1790316567879830583,1790316567879835580,4.997
malloc,1256,1790316567879839245,1790316567879841842,2.597
malloc,3304,1790316567879847195,1790316567879847392,0.197
malloc,2553,1790316567879850868,1790316567879853790,2.922
malloc,1144,1790316567879857135,1790316567879857292,0.157
malloc,3806,1790316567879860482,1790316567879863095,2.613
malloc,1055,1790316567879866537,1790316567879866697,0.16
malloc,2370,1790316567879869879,1790316567879872441,2.562
malloc,3831,1790316567879875741,1790316567879878386,2.645
malloc,2116,1790316567879881770,1790316567879884798,3.028
malloc,42,1790316567879888258,1790316567879888482,0.224
malloc,1247,1790316567879891595,1790316567879891734,0.139
malloc,717,1790316567879894808,1790316567879895076,0.268
malloc,709,1790316567879898197,1790316567879898396,0.199
malloc,1302,1790316567879901450,1790316567879901587,0.137
malloc,614,1790316567879904826,1790316567879905002,0.176
malloc,1866,1790316567879908169,1790316567879910792,2.623
malloc,2565,1790316567879914139,1790316567879916747,2.608
malloc,290,1790316567879920147,1790316567879920346,0.199
malloc,1938,1790316567879923429,1790316567879923567,0.138
malloc,1156,1790316567879926696,1790316567879926832,0.136
malloc,468,1790316567879930129,1790316567879932656,2.527
malloc,1575,1790316567879936044,1790316567879936203,0.159
malloc,3882,1790316567879941106,1790316567879943946,2.84
malloc,2287,1790316567879947656,1790316567879947836,0.18
malloc,3464,1790316567879951116,1790316567879953767,2.651
malloc,3353,1790316567879957276,1790316567879959929,2.653
malloc,3764,1790316567879963316,1790316567879966047,2.731
malloc,2357,1790316567879969387,1790316567879972150,2.763
malloc,1832,1790316567879975510,1790316567879975652,0.142
malloc,1748,1790316567879978750,1790316567879978916,0.166
malloc,1486,1790316567879982177,1790316567879984716,2.539
malloc,2839,1790316567879987995,1790316567879990580,2.585
malloc,723,1790316567879997928,1790316567879998146,0.218
malloc,4024,1790316567880001583,1790316567880004298,2.715
malloc,3734,1790316567880007664,1790316567880015299,7.635
malloc,432,1790316567880030801,1790316567880031175,0.374
malloc,749,1790316567880035712,1790316567880035936,0.224
malloc,1775,1790316567880039164,1790316567880039348,0.184
malloc,166,1790316567880042550,1790316567880042718,0.168
malloc,2849,1790316567880045902,1790316567880049239,3.337
malloc,1801,1790316567880055332,1790316567880058197,2.865
malloc,1165,1790316567880061903,1790316567880062093,0.19
malloc,3551,1790316567880065424,1790316567880068116,2.692
malloc,2494,1790316567880071455,1790316567880071654,0.199
malloc,2451,1790316567880074862,1790316567880077475,2.613
malloc,3916,1790316567880081068,1790316567880083772,2.704
malloc,30,1790316567880087185,1790316567880087449,0.264
malloc,686,1790316567880090617,1790316567880090800,0.183
malloc,109,1790316567880094118,1790316567880094299,0.181
malloc,1719,1790316567880097497,1790316567880100014,2.517
malloc,1826,1790316567880103280,1790316567880103474,0.194
malloc,561,1790316567880106805,1790316567880106990,0.185
malloc,3279,1790316567880110197,1790316567880112852,2.655
malloc,1611,1790316567880116234,1790316567880116430,0.196
malloc,2599,1790316567880119597,1790316567880122181,2.584
malloc,2413,1790316567880125487,1790316567880128128,2.641
malloc,635,1790316567880131600,1790316567880131820,0.22
malloc,2266,1790316567880135014,1790316567880135154,0.14
malloc,673,1790316567880138357,1790316567880138524,0.167
malloc,2218,1790316567880141610,1790316567880144175,2.565
malloc,3766,1790316567880149267,1790316567880154807,5.54
malloc,2143,1790316567880158629,1790316567880158838,0.209
malloc,961,1790316567880162349,1790316567880165108,2.759
malloc,392,1790316567880168559,1790316567880168792,0.233
malloc,1837,1790316567880171988,1790316567880172126,0.138
malloc,365,1790316567880175273,1790316567880175454,0.181
malloc,808,1790316567880178690,1790316567880181348,2.658
malloc,2337,1790316567880184748,1790316567880184948,0.2
malloc,2124,1790316567880188422,1790316567880191026,2.604
malloc,726,1790316567880194414,1790316567880194637,0.223
malloc,857,1790316567880197895,1790316567880198060,0.165
malloc,3677,1790316567880201285,1790316567880206942,5.657
malloc,1875,1790316567880210614,1790316567880210840,0.226
malloc,78,1790316567880214275,1790316567880214486,0.211
malloc,1841,1790316567880217743,1790316567880220335,2.592
malloc,4077,1790316567880223650,1790316567880226283,2.633
malloc,3978,1790316567880229622,1790316567880232184,2.562
malloc,1856,1790316567880235503,1790316567880235698,0.195
malloc,666,1790316567880239005,1790316567880239204,0.199
malloc,4071,1790316567880244328,1790316567880247184,2.856
malloc,3559,1790316567880250870,1790316567880253492,2.622
malloc,2476,1790316567880256899,1790316567880259504,2.605
malloc,302,1790316567880262872,1790316567880263111,0.239
malloc,2508,1790316567880266542,1790316567880269076,2.534
malloc,3838,1790316567880272443,1790316567880275105,2.662
malloc,2885,1790316567880278482,1790316567880278680,0.198
malloc,591,1790316567880281847,1790316567880282018,0.171
malloc,376,1790316567880285195,1790316567880287788,2.593
malloc,1055,1790316567880291374,1790316567880291568,0.194
malloc,1248,1790316567880294793,1790316567880294926,0.133
malloc,2579,1790316567880298128,1790316567880300752,2.624
malloc,724,1790316567880304118,1790316567880304338,0.22
malloc,3143,1790316567880307555,1790316567880310207,2.652
malloc,3291,1790316567880313546,1790316567880313752,0.206
malloc,1100,1790316567880317123,1790316567880319783,2.66
malloc,650,1790316567880323183,1790316567880323407,0.224
malloc,3640,1790316567880326551,1790316567880329197,2.646
malloc,1659,1790316567880332672,1790316567880332857,0.185
malloc,2739,1790316567880337707,1790316567880340500,2.793
malloc,1668,1790316567880344207,1790316567880344438,0.231
malloc,2136,1790316567880347768,1790316567880350315,2.547
malloc,3580,1790316567880353705,1790316567880361295,7.59
malloc,1248,1790316567880364921,1790316567880365117,0.196
malloc,3762,1790316567880372773,1790316567880375461,2.688
malloc,3409,1790316567880379305,1790316567880381917,2.612
malloc,3073,1790316567880385353,1790316567880388050,2.697
malloc,3742,1790316567880391371,1790316567880391576,0.205
malloc,3290,1790316567880394746,1790316567880397387,2.641
first_fit,599,1790316567880533870,1790316567880535322,1.452
first_fit,311,1790316567880544846,1790316567880545339,0.493
first_fit,3031,1790316567880550344,1790316567880550684,0.34
first_fit,3910,1790316567880554348,1790316567880561497,7.149
first_fit,2538,1790316567880565288,1790316567880567217,1.929
first_fit,3317,1790316567880571269,1790316567880575741,4.472
first_fit,2321,1790316567880579346,1790316567880582690,3.344
first_fit,2047,1790316567880586037,1790316567880587780,1.743
first_fit,1872,1790316567880591169,1790316567880594466,3.297
first_fit,2897,1790316567880598375,1790316567880600176,1.801
first_fit,2174,1790316567880603515,1790316567880607611,4.096
first_fit,2911,1790316567880611059,1790316567880614334,3.275
first_fit,3896,1790316567880617684,1790316567880619430,1.746
first_fit,423,1790316567880622677,1790316567880622943,0.266
first_fit,3619,1790316567880626191,1790316567880630412,4.221
first_fit,2709,1790316567880634037,1790316567880638361,4.324
first_fit,3698,1790316567880641752,1790316567880646007,4.255
first_fit,389,1790316567880650283,1790316567880650644,0.361
first_fit,3111,1790316567880653836,1790316567880658454,4.618
first_fit,3009,1790316567880661959,1790316567880665261,3.302
first_fit,1800,1790316567880670994,1790316567880673128,2.134
first_fit,1753,1790316567880676806,1790316567880680465,3.659
first_fit,347,1790316567880683808,1790316567880684631,0.823
first_fit,3687,1790316567880687890,1790316567880689738,1.848
first_fit,1003,1790316567880692967,1790316567880697319,4.352
first_fit,1346,1790316567880700986,1790316567880705024,4.038
first_fit,3353,1790316567880708406,1790316567880710366,1.96
first_fit,82,1790316567880713765,1790316567880714063,0.298
first_fit,89,1790316567880717109,1790316567880717408,0.299
first_fit,2998,1790316567880720602,1790316567880724223,3.621
first_fit,3123,1790316567880727707,1790316567880729782,2.075
first_fit,673,1790316567880733112,1790316567880736537,3.425
first_fit,3061,1790316567880740025,1790316567880742029,2.004
first_fit,1824,1790316567880746331,1790316567880750806,4.475
first_fit,486,1790316567880754408,1790316567880757956,3.548
first_fit,1269,1790316567880761530,1790316567880762581,1.051
first_fit,1044,1790316567880767804,1790316567880768796,0.992
first_fit,2558,1790316567880772190,1790316567880774312,2.122
first_fit,3300,1790316567880777649,1790316567880782766,5.117
first_fit,2900,1790316567880786521,1790316567880790285,3.764
first_fit,1125,1790316567880793634,1790316567880795821,2.187
first_fit,1378,1790316567880799168,1790316567880803025,3.857
first_fit,1482,1790316567880806438,1790316567880807603,1.165
first_fit,692,1790316567880810767,1790316567880812846,2.079
first_fit,1785,1790316567880816150,1790316567880819637,3.487
first_fit,771,1790316567880823103,1790316567880824343,1.24
first_fit,3152,1790316567880827512,1790316567880829584,2.072
first_fit,1154,1790316567880832855,1790316567880836412,3.557
first_fit,912,1790316567880839566,1790316567880841890,2.324
first_fit,2166,1790316567880845247,1790316567880848820,3.573
first_fit,66,1790316567880852264,1790316567880853437,1.173
first_fit,2696,1790316567880856607,1790316567880858660,2.053
first_fit,3670,1790316567880863973,1790316567880869077,5.104
first_fit,397,1790316567880872946,1790316567880882156,9.21
first_fit,2286,1790316567880885785,1790316567880887129,1.344
first_fit,343,1790316567880890450,1790316567880891511,1.061
first_fit,1727,1790316567880894747,1790316567880897026,2.279
first_fit,1309,1790316567880900297,1790316567880904225,3.928
first_fit,409,1790316567880907450,1790316567880909003,1.553
first_fit,1800,1790316567880912217,1790316567880914525,2.308
first_fit,211,1790316567880917884,1790316567880921634,3.75
first_fit,3516,1790316567880925136,1790316567880927575,2.439
first_fit,2224,1790316567880931070,1790316567880934823,3.753
first_fit,3023,1790316567880942908,1790316567880945934,3.026
first_fit,1010,1790316567880949775,1790316567880953852,4.077
first_fit,2461,1790316567880960718,1790316567880963963,3.245
first_fit,195,1790316567880968766,1790316567880972921,4.155
first_fit,2038,1790316567880976425,1790316567880977936,1.511
first_fit,923,1790316567880981089,1790316567880983642,2.553
first_fit,3480,1790316567880987131,1790316567880991052,3.921
first_fit,609,1790316567880994384,1790316567880996955,2.571
first_fit,1799,1790316567881000312,1790316567881004253,3.941
first_fit,528,1790316567881007550,1790316567881009138,1.588
first_fit,2075,1790316567881012368,1790316567881014727,2.359
first_fit,2475,1790316567881032936,1790316567881043958,11.022
first_fit,2297,1790316567881057451,1790316567881064946,7.495
first_fit,2597,1790316567881077550,1790316567881089486,11.936
first_fit,1531,1790316567881099842,1790316567881108215,8.373
first_fit,3202,1790316567881115861,1790316567881121666,5.805
first_fit,3493,1790316567881129450,1790316567881140366,10.916
first_fit,3448,1790316567881148107,1790316567881154262,6.155
first_fit,3252,1790316567881158151,1790316567881161691,3.54
first_fit,1859,1790316567881169215,1790316567881174850,5.635
first_fit,3022,1790316567881179236,1790316567881183908,4.672
first_fit,3400,1790316567881187590,1790316567881190290,2.7
first_fit,3897,1790316567881193972,1790316567881199015,5.043
first_fit,3116,1790316567881202670,1790316567881208188,5.518
first_fit,797,1790316567881211985,1790316567881216562,4.577
first_fit,1109,1790316567881220158,1790316567881222099,1.941
first_fit,3510,1790316567881225349,1790316567881228023,2.674
first_fit,2582,1790316567881231475,1790316567881236565,5.09
first_fit,1071,1790316567881240340,1790316567881245093,4.753
first_fit,2696,1790316567881248623,1790316567881251709,3.086
first_fit,476,1790316567881257430,1790316567881262308,4.878
first_fit,4078,1790316567881266421,1790316567881269671,3.25
first_fit,3691,1790316567881273160,1790316567881278375,5.215
first_fit,2922,1790316567881281993,1790316567881287709,5.716
first_fit,177,1790316567881291299,1790316567881296064,4.765
first_fit,1399,1790316567881299537,1790316567881301803,2.266
first_fit,3829,1790316567881305292,1790316567881308012,2.72
first_fit,3408,1790316567881311482,1790316567881316658,5.176
first_fit,1759,1790316567881320351,1790316567881325411,5.06
first_fit,1531,1790316567881329086,1790316567881332254,3.168
first_fit,3920,1790316567881335724,1790316567881341013,5.289
first_fit,3585,1790316567881344565,1790316567881350552,5.987
first_fit,3758,1790316567881356392,1790316567881361790,5.398
first_fit,1887,1790316567881365712,1790316567881369261,3.549
first_fit,2086,1790316567881372687,1790316567881377252,4.565
first_fit,1192,1790316567881380775,1790316567881384135,3.36
first_fit,760,1790316567881387629,1790316567881397507,9.878
first_fit,1482,1790316567881401218,1790316567881403771,2.553
first_fit,543,1790316567881407114,1790316567881409147,2.033
first_fit,3996,1790316567881412428,1790316567881415550,3.122
first_fit,3093,1790316567881418888,1790316567881424453,5.565
first_fit,3316,1790316567881427955,1790316567881434275,6.32
first_fit,3067,1790316567881437933,1790316567881444055,6.122
first_fit,2893,1790316567881449859,1790316567881455550,5.691
first_fit,2336,1790316567881459424,1790316567881463265,3.841
first_fit,3848,1790316567881466799,1790316567881472530,5.731
first_fit,3986,1790316567881476131,1790316567881482251,6.12
first_fit,1516,1790316567881485871,1790316567881491026,5.155
first_fit,2100,1790316567881494659,1790316567881498280,3.621
first_fit,961,1790316567881501711,1790316567881506663,4.952
first_fit,3963,1790316567881510292,1790316567881514067,3.775
first_fit,2561,1790316567881517445,1790316567881523154,5.709
first_fit,942,1790316567881526778,1790316567881532095,5.317
first_fit,3557,1790316567881537782,1790316567881542050,4.268
first_fit,1386,1790316567881545811,1790316567881551117,5.306
first_fit,870,1790316567881554764,1790316567881557546,2.782
first_fit,627,1790316567881571925,1790316567881576950,5.025
first_fit,885,1790316567881587240,1790316567881593448,6.208
first_fit,4029,1790316567881597569,1790316567881601832,4.263
first_fit,2370,1790316567881605340,1790316567881610701,5.361
first_fit,2167,1790316567881614294,1790316567881618262,3.968
first_fit,3852,1790316567881621656,1790316567881627685,6.029
first_fit,1859,1790316567881633772,1790316567881640287,6.515
first_fit,1828,1790316567881644144,1790316567881648308,4.164
first_fit,1410,1790316567881651793,1790316567881656972,5.179
first_fit,3696,1790316567881660370,1790316567881664560,4.19
first_fit,2771,1790316567881668139,1790316567881674301,6.162
first_fit,2154,1790316567881678017,1790316567881683726,5.709
first_fit,848,1790316567881687424,1790316567881690539,3.115
first_fit,3066,1790316567881694089,1790316567881697694,3.605
first_fit,1820,1790316567881701178,1790316567881707358,6.18
first_fit,3925,1790316567881710904,1790316567881718436,7.532
first_fit,2285,1790316567881724611,1790316567881731156,6.545
first_fit,790,1790316567881735197,1790316567881738325,3.128
first_fit,2721,1790316567881741941,1790316567881745856,3.915
first_fit,291,1790316567881749317,1790316567881754965,5.648
first_fit,309,1790316567881758589,1790316567881761800,3.211
first_fit,2378,1790316567881765070,1790316567881768824,3.754
first_fit,1791,1790316567881772121,1790316567881777796,5.675
first_fit,2393,1790316567881781419,1790316567881785781,4.362
first_fit,3323,1790316567881789271,1790316567881795745,6.474
first_fit,1658,1790316567881799358,1790316567881805520,6.162
first_fit,624,1790316567881809128,1790316567881812453,3.325
first_fit,4016,1790316567881817843,1790316567881822167,4.324
first_fit,885,1790316567881825868,1790316567881831671,5.803
first_fit,1761,1790316567881835330,1790316567881839843,4.513
first_fit,790,1790316567881843335,1790316567881849098,5.763
first_fit,1496,1790316567881852610,1790316567881855960,3.35
first_fit,2630,1790316567881859148,1790316567881865768,6.62
first_fit,489,1790316567881869469,1790316567881872988,3.519
first_fit,3618,1790316567881876355,1790316567881880290,3.935
first_fit,701,1790316567881883555,1790316567881889596,6.041
first_fit,245,1790316567881893232,1790316567881896811,3.579
first_fit,1147,1790316567881900174,1790316567881904223,4.049
first_fit,2280,1790316567881909834,1790316567881921157,11.323
first_fit,1406,1790316567881926001,1790316567881931007,5.006
first_fit,746,1790316567881934792,1790316567881940782,5.99
first_fit,722,1790316567881944358,1790316567881948017,3.659
first_fit,3311,1790316567881951431,1790316567881955676,4.245
first_fit,1345,1790316567881959196,1790316567881965077,5.881
first_fit,3772,1790316567881968460,1790316567881973187,4.727
first_fit,1034,1790316567881976541,1790316567881982915,6.374
first_fit,1174,1790316567881986496,1790316567881991283,4.787
first_fit,1727,1790316567881994838,1790316567882000799,5.961
first_fit,1576,1790316567882006538,1790316567882010578,4.04
first_fit,3646,1790316567882014286,1790316567882031880,17.594
first_fit,2003,1790316567882039801,1790316567882051767,11.966
first_fit,1869,1790316567882056847,1790316567882063743,6.896
first_fit,1927,1790316567882067434,1790316567882072337,4.903
first_fit,3778,1790316567882075835,1790316567882082814,6.979
first_fit,4013,1790316567882086412,1790316567882094098,7.686
first_fit,920,1790316567882097940,1790316567882104480,6.54
first_fit,1106,1790316567882111057,1790316567882115304,4.247
first_fit,541,1790316567882119096,1790316567882122600,3.504
first_fit,607,1790316567882126159,1790316567882130892,4.733
first_fit,1976,1790316567882134423,1790316567882140955,6.532
first_fit,2286,1790316567882144521,1790316567882149593,5.072
first_fit,1148,1790316567882152942,1790316567882159438,6.496
first_fit,3223,1790316567882163031,1790316567882168136,5.105
first_fit,587,1790316567882171658,1790316567882178100,6.442
first_fit,1621,1790316567882181562,1790316567882185719,4.157
first_fit,2744,1790316567882189123,1790316567882193779,4.656
first_fit,1039,1790316567882199439,1790316567882206734,7.295
first_fit,1850,1790316567882210528,1790316567882215965,5.437
first_fit,3642,1790316567882219549,1790316567882226112,6.563
first_fit,3070,1790316567882234946,1790316567882243743,8.797
first_fit,3007,1790316567882248152,1790316567882253719,5.567
first_fit,58,1790316567882257493,1790316567882264012,6.519
first_fit,3776,1790316567882267631,1790316567882272962,5.331
first_fit,2221,1790316567882276416,1790316567882282971,6.555
first_fit,1388,1790316567882289002,1790316567882297522,8.52
first_fit,3451,1790316567882302056,1790316567882307600,5.544
first_fit,3007,1790316567882311260,1790316567882317922,6.662
first_fit,2313,1790316567882321427,1790316567882326797,5.37
first_fit,1082,1790316567882330485,1790316567882337187,6.702
first_fit,486,1790316567882340817,1790316567882345042,4.225
first_fit,1862,1790316567882348377,1790316567882353345,4.968
first_fit,2836,1790316567882356978,1790316567882364644,7.666
first_fit,2106,1790316567882368455,1790316567882375610,7.155
first_fit,3541,1790316567882381376,1790316567882387404,6.028
first_fit,2284,1790316567882391446,1790316567882399309,7.863
first_fit,1789,1790316567882403167,1790316567882410349,7.182
first_fit,131,1790316567882413883,1790316567882418539,4.656
first_fit,3375,1790316567882422005,1790316567882427039,5.034
first_fit,2081,1790316567882430618,1790316567882437457,6.839
first_fit,722,1790316567882440907,1790316567882446348,5.441
first_fit,1021,1790316567882450014,1790316567882456882,6.868
first_fit,38,1790316567882460406,1790316567882464836,4.43
first_fit,1854,1790316567882468274,1790316567882472412,4.138
first_fit,147,1790316567882478014,1790316567882482591,4.577
first_fit,376,1790316567882486400,1790316567882490626,4.226
first_fit,3460,1790316567882493908,1790316567882499302,5.394
first_fit,2643,1790316567882502712,1790316567882510696,7.984
first_fit,1399,1790316567882514421,1790316567882521846,7.425
first_fit,980,1790316567882525497,1790316567882531169,5.672
first_fit,2188,1790316567882534667,1790316567882541719,7.052
first_fit,372,1790316567882545479,1790316567882550173,4.694
first_fit,3972,1790316567882553584,1790316567882558863,5.279
first_fit,2231,1790316567882562195,1790316567882575225,13.03
first_fit,3900,1790316567882582266,1790316567882592064,9.798
first_fit,1863,1790316567882596585,1790316567882604222,7.637
first_fit,3370,1790316567882607953,1790316567882613736,5.783
first_fit,3021,1790316567882617472,1790316567882625558,8.086
first_fit,773,1790316567882629533,1790316567882637137,7.604
first_fit,1586,1790316567882640755,1790316567882645507,4.752
first_fit,4087,1790316567882648836,1790316567882654370,5.534
first_fit,1010,1790316567882657851,1790316567882665969,8.118
first_fit,3199,1790316567882672167,1790316567882680512,8.345
first_fit,2593,1790316567882684614,1790316567882691034,6.42
first_fit,2867,1790316567882694719,1790316567882702861,8.142
first_fit,2410,1790316567882706811,1790316567882714638,7.827
first_fit,781,1790316567882718249,1790316567882723398,5.149
first_fit,327,1790316567882727026,1790316567882732662,5.636
first_fit,2526,1790316567882736178,1790316567882743602,7.424
first_fit,59,1790316567882747278,1790316567882752428,5.15
first_fit,2392,1790316567882758010,1790316567882764263,6.253
first_fit,2999,1790316567882768119,1790316567882776709,8.59
first_fit,831,1790316567882780800,1790316567882788856,8.056
first_fit,2181,1790316567882792868,1790316567882797914,5.046
first_fit,757,1790316567882801326,1790316567882805931,4.605
first_fit,729,1790316567882809291,1790316567882815071,5.78
first_fit,2541,1790316567882818452,1790316567882826119,7.667
first_fit,3968,1790316567882829736,1790316567882836026,6.29
first_fit,3356,1790316567882839499,1790316567882847978,8.479
first_fit,3691,1790316567882856389,1790316567882867467,11.078
first_fit,851,1790316567882872746,1790316567882881209,8.463
first_fit,1215,1790316567882885102,1790316567882891442,6.34
first_fit,4048,1790316567882894956,1790316567882903797,8.841
first_fit,493,1790316567882907898,1790316567882916040,8.142
first_fit,3197,1790316567882919873,1790316567882925198,5.325
first_fit,3618,1790316567882928628,1790316567882934506,5.878
first_fit,2108,1790316567882938041,1790316567882946687,8.646
first_fit,2470,1790316567882957397,1790316567882966825,9.428
first_fit,2542,1790316567882971487,1790316567882978792,7.305
first_fit,2632,1790316567882982728,1790316567882991488,8.76
first_fit,3807,1790316567882995429,1790316567883005053,9.624
first_fit,2300,1790316567883008887,1790316567883029318,20.431
first_fit,3627,1790316567883037610,1790316567883047833,10.223
first_fit,2909,1790316567883055491,1790316567883066661,11.17
first_fit,796,1790316567883071799,1790316567883080547,8.748
first_fit,2164,1790316567883084573,1790316567883091071,6.498
first_fit,1223,1790316567883094804,1790316567883102873,8.069
first_fit,1561,1790316567883106699,1790316567883112336,5.637
first_fit,2475,1790316567883115973,1790316567883122190,6.217
first_fit,3500,1790316567883125892,1790316567883138159,12.267
first_fit,1371,1790316567883153240,1790316567883169259,16.019
first_fit,538,1790316567883178350,1790316567883187146,8.796
first_fit,2402,1790316567883194686,1790316567883206203,11.517
first_fit,2186,1790316567883214192,1790316567883228572,14.38
first_fit,2703,1790316567883237070,1790316567883247721,10.651
first_fit,2910,1790316567883252737,1790316567883262638,9.901
first_fit,2900,1790316567883270354,1790316567883285565,15.211
first_fit,915,1790316567883290557,1790316567883301077,10.52
first_fit,2781,1790316567883305723,1790316567883311974,6.251
first_fit,1926,1790316567883315567,1790316567883322112,6.545
first_fit,509,1790316567883325608,1790316567883333926,8.318
first_fit,3384,1790316567883337785,1790316567883344975,7.19
first_fit,2892,1790316567883348585,1790316567883357914,9.329
first_fit,227,1790316567883364239,1790316567883374280,10.041
first_fit,3628,1790316567883379122,1790316567883386727,7.605
first_fit,1992,1790316567883390498,1790316567883398981,8.483
first_fit,3829,1790316567883402763,1790316567883410050,7.287
first_fit,1639,1790316567883413906,1790316567883422495,8.589
first_fit,132,1790316567883426330,1790316567883432518,6.188
first_fit,2275,1790316567883436007,1790316567883442760,6.753
first_fit,175,1790316567883448501,1790316567883458053,9.552
first_fit,3923,1790316567883462291,1790316567883470089,7.798
first_fit,478,1790316567883473772,1790316567883482354,8.582
first_fit,3553,1790316567883486164,1790316567883493730,7.566
first_fit,2736,1790316567883497447,1790316567883506927,9.48
first_fit,1025,1790316567883510882,1790316567883520332,9.45
first_fit,1387,1790316567883524158,1790316567883530755,6.597
first_fit,3710,1790316567883534357,1790316567883541179,6.822
first_fit,2571,1790316567883547112,1790316567883557391,10.279
first_fit,3847,1790316567883562266,1790316567883572823,10.557
first_fit,2880,1790316567883577290,1790316567883586559,9.269
first_fit,3693,1790316567883590288,1790316567883597739,7.451
first_fit,55,1790316567883601424,1790316567883610346,8.922
first_fit,952,1790316567883614265,1790316567883621922,7.657
first_fit,1550,1790316567883625597,1790316567883634450,8.853
first_fit,2509,1790316567883640609,1790316567883648727,8.118
first_fit,3847,1790316567883652985,1790316567883663330,10.345
first_fit,120,1790316567883667711,1790316567883677302,9.591
first_fit,3408,1790316567883681108,1790316567883687674,6.566
first_fit,2298,1790316567883691433,1790316567883698671,7.238
first_fit,1797,1790316567883702199,1790316567883711193,8.994
first_fit,3902,1790316567883715090,1790316567883725486,10.396
first_fit,1352,1790316567883732490,1790316567883741136,8.646
first_fit,593,1790316567883745150,1790316567883754532,9.382
first_fit,32,1790316567883758266,1790316567883765049,6.783
first_fit,651,1790316567883768475,1790316567883774733,6.258
first_fit,2569,1790316567883778218,1790316567883785515,7.297
first_fit,3613,1790316567883789172,1790316567883799097,9.925
first_fit,2274,1790316567883803120,1790316567883812769,9.649
first_fit,2686,1790316567883816718,1790316567883824561,7.843
first_fit,1558,1790316567883830321,1790316567883840260,9.939
first_fit,2200,1790316567883845227,1790316567883853690,8.463
first_fit,2279,1790316567883858104,1790316567883867496,9.392
first_fit,1787,1790316567883871793,1790316567883879885,8.092
first_fit,1656,1790316567883884152,1790316567883893567,9.415
first_fit,685,1790316567883904138,1790316567883912140,8.002
first_fit,2796,1790316567883918623,1790316567883927313,8.69
first_fit,3028,1790316567883931355,1790316567883942552,11.197
first_fit,298,1790316567883947015,1790316567883957361,10.346
first_fit,1037,1790316567883961681,1790316567883968824,7.143
first_fit,2545,1790316567883972326,1790316567883979904,7.578
first_fit,2929,1790316567883983399,1790316567883993798,10.399
first_fit,634,1790316567883998280,1790316567884008295,10.015
first_fit,2351,1790316567884014842,1790316567884034866,20.024
first_fit,3866,1790316567884045212,1790316567884057256,12.044
first_fit,1935,1790316567884063589,1790316567884081345,17.756
first_fit,763,1790316567884086163,1790316567884096672,10.509
first_fit,3383,1790316567884100987,1790316567884109508,8.521
first_fit,2039,1790316567884113397,1790316567884123220,9.823
first_fit,75,1790316567884129869,1790316567884137903,8.034
first_fit,1351,1790316567884141792,1790316567884149841,8.049
first_fit,3820,1790316567884153805,1790316567884164651,10.846
first_fit,3728,1790316567884169127,1790316567884179639,10.512
first_fit,2688,1790316567884183771,1790316567884192249,8.478
first_fit,316,1790316567884196210,1790316567884205850,9.64
first_fit,3511,1790316567884209673,1790316567884217890,8.217
first_fit,3323,1790316567884223777,1790316567884235157,11.38
first_fit,2637,1790316567884240106,1790316567884251813,11.707
first_fit,3027,1790316567884256246,1790316567884266645,10.399
first_fit,1267,1790316567884270901,1790316567884279454,8.553
first_fit,993,1790316567884283408,1790316567884293270,9.862
first_fit,488,1790316567884297100,1790316567884304415,7.315
first_fit,3219,1790316567884310346,1790316567884319010,8.664
first_fit,3256,1790316567884322965,1790316567884334219,11.254
first_fit,2259,1790316567884338847,1790316567884349393,10.546
first_fit,545,1790316567884353650,1790316567884361248,7.598
first_fit,3926,1790316567884364841,1790316567884373168,8.327
first_fit,726,1790316567884376987,1790316567884386995,10.008
first_fit,3324,1790316567884391311,1790316567884399951,8.64
first_fit,3975,1790316567884405844,1790316567884417871,12.027
first_fit,1747,1790316567884422824,1790316567884434874,12.05
first_fit,1772,1790316567884439372,1790316567884450056,10.684
first_fit,2808,1790316567884454269,1790316567884463107,8.838
first_fit,2132,1790316567884466968,1790316567884477227,10.259
first_fit,3874,1790316567884481358,1790316567884490076,8.718
first_fit,2344,1790316567884493764,1790316567884504725,10.961
first_fit,4051,1790316567884511362,1790316567884524045,12.683
first_fit,541,1790316567884529013,1790316567884540047,11.034
first_fit,1630,1790316567884544155,1790316567884552120,7.965
first_fit,1993,1790316567884555715,1790316567884564051,8.336
first_fit,367,1790316567884567709,1790316567884577938,10.229
first_fit,2965,1790316567884582077,1790316567884590929,8.852
first_fit,1484,1790316567884597075,1790316567884608160,11.085
first_fit,4079,1790316567884612711,1790316567884622188,9.477
first_fit,1323,1790316567884626083,1790316567884636401,10.318
first_fit,1551,1790316567884640823,1790316567884649956,9.133
first_fit,3493,1790316567884653641,1790316567884664884,11.243
first_fit,316,1790316567884669078,1790316567884681040,11.962
first_fit,3939,1790316567884687922,1790316567884698131,10.209
first_fit,2191,1790316567884702708,1790316567884713562,10.854
first_fit,1568,1790316567884717854,1790316567884727118,9.264
first_fit,835,1790316567884730736,1790316567884741372,10.636
first_fit,2663,1790316567884745614,1790316567884754859,9.245
first_fit,457,1790316567884758692,1790316567884769174,10.482
first_fit,3843,1790316567884773488,1790316567884782832,9.344
first_fit,593,1790316567884788737,1790316567884800148,11.411
first_fit,986,1790316567884804900,1790316567884813434,8.534
first_fit,3439,1790316567884817069,1790316567884825907,8.838
first_fit,1303,1790316567884829760,1790316567884840362,10.602
first_fit,214,1790316567884844596,1790316567884852850,8.254
first_fit,3084,1790316567884856301,1790316567884864905,8.604
first_fit,2801,1790316567884870741,1790316567884883343,12.602
first_fit,1737,1790316567884898542,1790316567884911469,12.927
first_fit,1795,1790316567884916331,1790316567884926352,10.021
first_fit,837,1790316567884930528,1790316567884941586,11.058
first_fit,1515,1790316567884945947,1790316567884954492,8.545
first_fit,3890,1790316567884958227,1790316567884967093,8.866
first_fit,791,1790316567884973170,1790316567884984965,11.795
first_fit,2040,1790316567884989739,1790316567884999759,10.02
first_fit,1423,1790316567885004089,1790316567885014861,10.772
first_fit,2536,1790316567885031270,1790316567885046600,15.33
first_fit,2391,1790316567885054337,1790316567885068241,13.904
first_fit,292,1790316567885072866,1790316567885081752,8.886
first_fit,3771,1790316567885088627,1790316567885098574,9.947
first_fit,2140,1790316567885102917,1790316567885115242,12.325
first_fit,1366,1790316567885119784,1790316567885131719,11.935
first_fit,1225,1790316567885135900,1790316567885145783,9.883
first_fit,1303,1790316567885149975,1790316567885160961,10.986
first_fit,1667,1790316567885165107,1790316567885173751,8.644
first_fit,1068,1790316567885179708,1790316567885189626,9.918
first_fit,3478,1790316567885193609,1790316567885205055,11.446
first_fit,2986,1790316567885209351,1790316567885219244,9.893
first_fit,1654,1790316567885223056,1790316567885234963,11.907
first_fit,1812,1790316567885239367,1790316567885251401,12.034
first_fit,3427,1790316567885255724,1790316567885265777,10.053
first_fit,1400,1790316567885272177,1790316567885284387,12.21
first_fit,2156,1790316567885289052,1790316567885299537,10.485
first_fit,316,1790316567885304068,1790316567885315640,11.572
first_fit,509,1790316567885320022,1790316567885329073,9.051
first_fit,3210,1790316567885332916,1790316567885342436,9.52
first_fit,514,1790316567885346440,1790316567885357708,11.268
first_fit,3578,1790316567885364149,1790316567885375282,11.133
first_fit,1914,1790316567885379732,1790316567885391816,12.084
first_fit,2236,1790316567885397318,1790316567885411049,13.731
first_fit,1043,1790316567885418902,1790316567885437334,18.432
first_fit,2735,1790316567885446892,1790316567885463526,16.634
first_fit,3735,1790316567885475695,1790316567885497834,22.139
first_fit,837,1790316567885508743,1790316567885529323,20.58
first_fit,3278,1790316567885540077,1790316567885559094,19.017
first_fit,1445,1790316567885569981,1790316567885586983,17.002
first_fit,2244,1790316567885592287,1790316567885603751,11.464
first_fit,1717,1790316567885608191,1790316567885620196,12.005
first_fit,3587,1790316567885624384,1790316567885634795,10.411
first_fit,2287,1790316567885639166,1790316567885651573,12.407
first_fit,1391,1790316567885658363,1790316567885671810,13.447
first_fit,1397,1790316567885676747,1790316567885686614,9.867
first_fit,3638,1790316567885690523,1790316567885700367,9.844
first_fit,2367,1790316567885704135,1790316567885716879,12.744
first_fit,2684,1790316567885721453,1790316567885734034,12.581
first_fit,1208,1790316567885740791,1790316567885752420,11.629
first_fit,3419,1790316567885757308,1790316567885769706,12.398
first_fit,1833,1790316567885774208,1790316567885787673,13.465
first_fit,3945,1790316567885792324,1790316567885803207,10.883
first_fit,977,1790316567885807499,1790316567885819716,12.217
first_fit,3396,1790316567885824136,1790316567885834797,10.661
first_fit,3275,1790316567885841340,1790316567885855241,13.901
first_fit,2128,1790316567885860113,1790316567885873178,13.065
first_fit,1455,1790316567885877694,1790316567885888751,11.057
first_fit,3575,1790316567885893061,1790316567885906170,13.109
first_fit,2622,1790316567885910700,1790316567885928888,18.188
first_fit,335,1790316567885935726,1790316567885946546,10.82
first_fit,3841,1790316567885951283,1790316567885961769,10.486
first_fit,2103,1790316567885966036,1790316567885979367,13.331
first_fit,2233,1790316567885983881,1790316567885996918,13.037
first_fit,1747,1790316567886001408,1790316567886012417,11.009
first_fit,2897,1790316567886028690,1790316567886045248,16.558
first_fit,872,1790316567886051170,1790316567886063447,12.277
first_fit,1152,1790316567886068185,1790316567886080888,12.703
first_fit,3718,1790316567886091641,1790316567886104533,12.892
first_fit,53,1790316567886109271,1790316567886122412,13.141
first_fit,2581,1790316567886126872,1790316567886137992,11.12
first_fit,1633,1790316567886144846,1790316567886158267,13.421
first_fit,1521,1790316567886163181,1790316567886173613,10.432
first_fit,1838,1790316567886177685,1790316567886188335,10.65
first_fit,3671,1790316567886192432,1790316567886205890,13.458
first_fit,2663,1790316567886210265,1790316567886223679,13.414
first_fit,3219,1790316567886230261,1790316567886242864,12.603
first_fit,3212,1790316567886247635,1790316567886261542,13.907
first_fit,933,1790316567886265966,1790316567886279241,13.275
first_fit,1573,1790316567886283411,1790316567886294855,11.444
first_fit,90,1790316567886298989,1790316567886311856,12.867
first_fit,256,1790316567886316211,1790316567886326544,10.333
first_fit,3157,1790316567886332762,1790316567886343008,10.246
first_fit,4019,1790316567886347429,1790316567886358105,10.676
first_fit,984,1790316567886362119,1790316567886375732,13.613
first_fit,2456,1790316567886380206,1790316567886393858,13.652
first_fit,2964,1790316567886398395,1790316567886410011,11.616
first_fit,3096,1790316567886416450,1790316567886431234,14.784
first_fit,3662,1790316567886436063,1790316567886450907,14.844
first_fit,2443,1790316567886455679,1790316567886469382,13.703
first_fit,1621,1790316567886473662,1790316567886485222,11.56
first_fit,3981,1790316567886489424,1790316567886503500,14.076
first_fit,1954,1790316567886510237,1790316567886524871,14.634
first_fit,3475,1790316567886529502,1790316567886541437,11.935
first_fit,2118,1790316567886545706,1790316567886559548,13.842
first_fit,3685,1790316567886564091,1790316567886577876,13.785
first_fit,2276,1790316567886582067,1790316567886593921,11.854
first_fit,2741,1790316567886598122,1790316567886612268,14.146
first_fit,740,1790316567886619039,1790316567886633696,14.657
first_fit,1664,1790316567886638416,1790316567886649436,11.02
first_fit,2545,1790316567886653536,1790316567886664848,11.312
first_fit,3072,1790316567886668992,1790316567886683148,14.156
first_fit,3281,1790316567886687569,1790316567886702440,14.871
first_fit,3817,1790316567886709200,1790316567886724808,15.608
first_fit,813,1790316567886730270,1790316567886743275,13.005
first_fit,2623,1790316567886747565,1790316567886761202,13.637
first_fit,2383,1790316567886765318,1790316567886777433,12.115
first_fit,3783,1790316567886781488,1790316567886795881,14.393
first_fit,1738,1790316567886802486,1790316567886817688,15.202
first_fit,3300,1790316567886822482,1790316567886835017,12.535
first_fit,1259,1790316567886839418,1790316567886853176,13.758
first_fit,1580,1790316567886857592,1790316567886869556,11.964
first_fit,3307,1790316567886873712,1790316567886893187,19.475
first_fit,320,1790316567886899902,1790316567886915625,15.723
first_fit,1269,1790316567886920448,1790316567886931765,11.317
first_fit,194,1790316567886938546,1790316567886949652,11.106
first_fit,2527,1790316567886953975,1790316567886965726,11.751
first_fit,137,1790316567886970024,1790316567886983514,13.49
first_fit,3042,1790316567886989966,1790316567887001957,11.991
first_fit,2093,1790316567887006381,1790316567887026804,20.423
first_fit,2331,1790316567887032472,1790316567887050427,17.955
first_fit,333,1790316567887055274,1790316567887070496,15.222
first_fit,1744,1790316567887077390,1790316567887089751,12.361
first_fit,188,1790316567887094421,1790316567887105087,10.666
first_fit,3793,1790316567887109117,1790316567887120719,11.602
first_fit,3846,1790316567887124802,1790316567887139501,14.699
first_fit,3857,1790316567887143944,1790316567887159784,15.84
first_fit,1739,1790316567887164541,1790316567887179403,14.862
first_fit,2257,1790316567887186037,1790316567887199790,13.753
first_fit,267,1790316567887204520,1790316567887218950,14.43
first_fit,3387,1790316567887223407,1790316567887236136,12.729
first_fit,705,1790316567887240407,1790316567887254447,14.04
first_fit,3323,1790316567887258735,1790316567887271557,12.822
first_fit,2339,1790316567887277982,1790316567887292985,15.003
first_fit,192,1790316567887297641,1790316567887310915,13.274
first_fit,39,1790316567887320705,1790316567887336479,15.774
first_fit,865,1790316567887341341,1790316567887353273,11.932
first_fit,2559,1790316567887359757,1790316567887371546,11.789
first_fit,3573,1790316567887375894,1790316567887388460,12.566
first_fit,2354,1790316567887392563,1790316567887407881,15.318
first_fit,1530,1790316567887412542,1790316567887427558,15.016
first_fit,735,1790316567887431884,1790316567887443715,11.831
first_fit,3685,1790316567887448022,1790316567887460125,12.103
first_fit,507,1790316567887466605,1790316567887481900,15.295
first_fit,806,1790316567887486665,1790316567887499992,13.327
first_fit,858,1790316567887504290,1790316567887518863,14.573
first_fit,686,1790316567887523184,1790316567887535066,11.882
first_fit,3318,1790316567887539459,1790316567887551536,12.077
first_fit,746,1790316567887557952,1790316567887573242,15.29
first_fit,3479,1790316567887578265,1790316567887591738,13.473
first_fit,1081,1790316567887596055,1790316567887610597,14.542
first_fit,2828,1790316567887614868,1790316567887627839,12.971
first_fit,3796,1790316567887631929,1790316567887647534,15.605
first_fit,2809,1790316567887654133,1790316567887671598,17.465
first_fit,3000,1790316567887676584,1790316567887692400,15.816
first_fit,3259,1790316567887696909,1790316567887710381,13.472
first_fit,2326,1790316567887714669,1790316567887730407,15.738
first_fit,2527,1790316567887734864,1790316567887750187,15.323
first_fit,901,1790316567887756846,1790316567887769994,13.148
first_fit,486,1790316567887774732,1790316567887787739,13.007
first_fit,2778,1790316567887792048,1790316567887806539,14.491
first_fit,4040,1790316567887810900,1790316567887824370,13.47
first_fit,943,1790316567887828655,1790316567887844343,15.688
first_fit,2004,1790316567887851040,1790316567887867694,16.654
first_fit,2049,1790316567887872523,1790316567887886650,14.127
first_fit,1119,1790316567887891024,1790316567887906218,15.194
first_fit,1794,1790316567887910495,1790316567887922854,12.359
first_fit,2665,1790316567887926924,1790316567887939801,12.877
first_fit,3430,1790316567887946303,1790316567887963123,16.82
first_fit,1270,1790316567887968071,1790316567887984297,16.226
first_fit,689,1790316567887988785,1790316567888001569,12.784
first_fit,863,1790316567888005874,1790316567888024213,18.339
first_fit,1756,1790316567888029284,1790316567888044436,15.152
first_fit,278,1790316567888051306,1790316567888068217,16.911
first_fit,1354,1790316567888073169,1790316567888086472,13.303
first_fit,2314,1790316567888090673,1790316567888103897,13.224
first_fit,887,1790316567888108022,1790316567888128057,20.035
first_fit,1791,1790316567888132390,1790316567888146933,14.543
first_fit,1302,1790316567888153586,1790316567888170025,16.439
first_fit,1384,1790316567888174965,1790316567888187958,12.993
first_fit,1173,1790316567888192164,1790316567888205388,13.224
first_fit,2367,1790316567888209777,1790316567888224801,15.024
first_fit,115,1790316567888229221,1790316567888242076,12.855
first_fit,640,1790316567888248497,1790316567888261290,12.793
first_fit,846,1790316567888265727,1790316567888279272,13.545
first_fit,3099,1790316567888283651,1790316567888298923,15.272
first_fit,3883,1790316567888303275,1790316567888317237,13.962
first_fit,3156,1790316567888321593,1790316567888338244,16.651
first_fit,1296,1790316567888345011,1790316567888362275,17.264
first_fit,455,1790316567888367120,1790316567888380917,13.797
first_fit,3394,1790316567888385058,1790316567888398751,13.693
first_fit,3825,1790316567888403196,1790316567888419808,16.612
first_fit,398,1790316567888424426,1790316567888440720,16.294
first_fit,240,1790316567888447462,1790316567888462023,14.561
first_fit,1732,1790316567888466718,1790316567888480826,14.108
first_fit,2198,1790316567888485012,1790316567888500712,15.7
first_fit,1110,1790316567888505129,1790316567888519449,14.32
first_fit,3277,1790316567888523538,1790316567888539339,15.801
first_fit,766,1790316567888545756,1790316567888561435,15.679
first_fit,443,1790316567888565990,1790316567888582232,16.242
first_fit,217,1790316567888586507,1790316567888600232,13.725
first_fit,1439,1790316567888610143,1790316567888624472,14.329
first_fit,1290,1790316567888631586,1790316567888646683,15.097
first_fit,1724,1790316567888651401,1790316567888668004,16.603
first_fit,1468,1790316567888672606,1790316567888686139,13.533
first_fit,2396,1790316567888690349,1790316567888704327,13.978
first_fit,4022,1790316567888708499,1790316567888725020,16.521
first_fit,2339,1790316567888731760,1790316567888749779,18.019
first_fit,90,1790316567888754757,1790316567888770017,15.26
first_fit,1227,1790316567888774542,1790316567888790710,16.168
first_fit,3707,1790316567888795185,1790316567888809794,14.609
first_fit,1015,1790316567888816251,1790316567888833426,17.175
first_fit,3578,1790316567888838171,1790316567888853369,15.198
first_fit,3806,1790316567888857700,1790316567888875026,17.326
first_fit,1406,1790316567888879650,1790316567888896942,17.292
first_fit,328,1790316567888901575,1790316567888915813,14.238
first_fit,2575,1790316567888922248,1790316567888937274,15.026
first_fit,1192,1790316567888942057,1790316567888958442,16.385
first_fit,3235,1790316567888962996,1790316567888978139,15.143
first_fit,3622,1790316567888982279,1790316567888999734,17.455
first_fit,1631,1790316567889006739,1790316567889032524,25.785
first_fit,2532,1790316567889038639,1790316567889056510,17.871
first_fit,3350,1790316567889061035,1790316567889079152,18.117
first_fit,1780,1790316567889083929,1790316567889101338,17.409
first_fit,2523,1790316567889105961,1790316567889121748,15.787
first_fit,752,1790316567889128432,1790316567889146476,18.044
first_fit,3962,1790316567889151299,1790316567889167111,15.812
first_fit,3618,1790316567889171552,1790316567889189071,17.519
first_fit,4013,1790316567889193592,1790316567889212333,18.741
first_fit,631,1790316567889217010,1790316567889235591,18.581
first_fit,3812,1790316567889242282,1790316567889259266,16.984
first_fit,3981,1790316567889263973,1790316567889282690,18.717
first_fit,1822,1790316567889287505,1790316567889305271,17.766
first_fit,773,1790316567889309867,1790316567889325556,15.689
first_fit,1609,1790316567889331903,1790316567889349920,18.017
first_fit,3274,1790316567889354801,1790316567889370817,16.016
first_fit,3153,1790316567889375389,1790316567889398507,23.118
first_fit,1534,1790316567889403282,1790316567889421738,18.456
first_fit,1284,1790316567889428565,1790316567889444555,15.99
first_fit,2994,1790316567889449249,1790316567889464460,15.211
first_fit,2513,1790316567889468751,1790316567889486546,17.795
first_fit,894,1790316567889491223,1790316567889508985,17.762
first_fit,3760,1790316567889515582,1790316567889532952,17.37
first_fit,1994,1790316567889537506,1790316567889555131,17.625
first_fit,371,1790316567889559929,1790316567889574630,14.701
first_fit,1069,1790316567889578887,1790316567889593993,15.106
first_fit,2073,1790316567889598203,1790316567889615369,17.166
first_fit,2697,1790316567889621913,1790316567889638986,17.073
first_fit,2246,1790316567889643722,1790316567889661338,17.616
first_fit,979,1790316567889665790,1790316567889681832,16.042
first_fit,2223,1790316567889686136,1790316567889703808,17.672
first_fit,3628,1790316567889710355,1790316567889727631,17.276
first_fit,3262,1790316567889732346,1790316567889751293,18.947
first_fit,1476,1790316567889755849,1790316567889774267,18.418
first_fit,1312,1790316567889778826,1790316567889795166,16.34
first_fit,1689,1790316567889801678,1790316567889819950,18.272
first_fit,1980,1790316567889824791,1790316567889840108,15.317
first_fit,1177,1790316567889844696,1790316567889860387,15.691
first_fit,977,1790316567889864642,1790316567889882023,17.381
first_fit,1663,1790316567889886276,1790316567889901430,15.154
first_fit,1793,1790316567889907773,1790316567889924545,16.772
first_fit,459,1790316567889929380,1790316567889947390,18.01
first_fit,1548,1790316567889951719,1790316567889967119,15.4
first_fit,3366,1790316567889971338,1790316567889986821,15.483
first_fit,1216,1790316567889993346,1790316567890012784,19.438
first_fit,2908,1790316567890029709,1790316567890052205,22.496
first_fit,2543,1790316567890058314,1790316567890076608,18.294
first_fit,272,1790316567890081471,1790316567890099678,18.207
first_fit,345,1790316567890111501,1790316567890128813,17.312
first_fit,3811,1790316567890133940,1790316567890150885,16.945
first_fit,3018,1790316567890155538,1790316567890179456,23.918
first_fit,2842,1790316567890185139,1790316567890205594,20.455
first_fit,376,1790316567890212848,1790316567890231578,18.73
first_fit,2681,1790316567890236481,1790316567890255362,18.881
first_fit,507,1790316567890259857,1790316567890275356,15.499
first_fit,498,1790316567890279497,1790316567890293987,14.49
first_fit,3735,1790316567890300456,1790316567890317029,16.573
first_fit,2331,1790316567890321776,1790316567890341266,19.49
first_fit,3179,1790316567890346027,1790316567890366248,20.221
first_fit,1651,1790316567890370984,1790316567890390488,19.504
first_fit,3061,1790316567890397276,1790316567890415828,18.552
first_fit,1072,1790316567890420676,1790316567890439488,18.812
first_fit,1182,1790316567890444141,1790316567890460087,15.946
first_fit,2227,1790316567890464540,1790316567890480469,15.929
first_fit,2300,1790316567890484765,1790316567890503480,18.715
first_fit,2478,1790316567890510252,1790316567890530615,20.363
first_fit,3667,1790316567890535638,1790316567890553411,17.773
first_fit,183,1790316567890557970,1790316567890576353,18.383
first_fit,3407,1790316567890580892,1790316567890598055,17.163
first_fit,314,1790316567890604741,1790316567890624127,19.386
first_fit,1830,1790316567890629026,1790316567890646528,17.502
first_fit,870,1790316567890651032,1790316567890669400,18.368
first_fit,757,1790316567890673937,1790316567890689786,15.849
first_fit,3129,1790316567890696101,1790316567890713147,17.046
first_fit,139,1790316567890717833,1790316567890736294,18.461
first_fit,1958,1790316567890741105,1790316567890757186,16.081
first_fit,1940,1790316567890761467,1790316567890777454,15.987
first_fit,2666,1790316567890783757,1790316567890803110,19.353
first_fit,1981,1790316567890807812,1790316567890825695,17.883
first_fit,2037,1790316567890830268,1790316567890853953,23.685
first_fit,2148,1790316567890858485,1790316567890875629,17.144
first_fit,902,1790316567890882384,1790316567890902096,19.712
first_fit,549,1790316567890907105,1790316567890923500,16.395
first_fit,2508,1790316567890927873,1790316567890943974,16.101
first_fit,3335,1790316567890948253,1790316567890967437,19.184
first_fit,1040,1790316567890974497,1790316567890995118,20.621
first_fit,2990,1790316567891000004,1790316567891025935,25.931
first_fit,2740,1790316567891031469,1790316567891053776,22.307
first_fit,3123,1790316567891058491,1790316567891077021,18.53
first_fit,1839,1790316567891083927,1790316567891105486,21.559
first_fit,294,1790316567891110447,1790316567891130530,20.083
first_fit,2087,1790316567891135186,1790316567891151621,16.435
first_fit,2896,1790316567891156130,1790316567891172570,16.44
first_fit,1227,1790316567891179006,1790316567891198909,19.903
first_fit,217,1790316567891203958,1790316567891220788,16.83
first_fit,866,1790316567891225214,1790316567891242182,16.968
first_fit,3457,1790316567891246548,1790316567891265311,18.763
first_fit,3868,1790316567891272038,1790316567891291325,19.287
first_fit,1033,1790316567891296336,1790316567891316906,20.57
first_fit,2767,1790316567891321593,1790316567891341685,20.092
first_fit,3933,1790316567891346273,1790316567891364422,18.149
first_fit,2614,1790316567891370940,1790316567891392601,21.661
first_fit,3621,1790316567891397633,1790316567891419376,21.743
first_fit,594,1790316567891424154,1790316567891444629,20.475
first_fit,1647,1790316567891451391,1790316567891469308,17.917
first_fit,3511,1790316567891474217,1790316567891491742,17.525
first_fit,2303,1790316567891496282,1790316567891516755,20.473
first_fit,3571,1790316567891521597,1790316567891543262,21.665
first_fit,2080,1790316567891550262,1790316567891572373,22.111
first_fit,187,1790316567891577168,1790316567891594970,17.802
first_fit,1511,1790316567891599575,1790316567891616523,16.948
first_fit,3979,1790316567891620901,1790316567891640658,19.757
first_fit,841,1790316567891647640,1790316567891669270,21.63
first_fit,2045,1790316567891674289,1790316567891691984,17.695
first_fit,2390,1790316567891701364,1790316567891720684,19.32
first_fit,3927,1790316567891725645,1790316567891746721,21.076
first_fit,2836,1790316567891754096,1790316567891777750,23.654
first_fit,1050,1790316567891782929,1790316567891804305,21.376
first_fit,2570,1790316567891808986,1790316567891826550,17.564
first_fit,1862,1790316567891831236,1790316567891848676,17.44
first_fit,2874,1790316567891855175,1790316567891876580,21.405
first_fit,2615,1790316567891881527,1790316567891902368,20.841
first_fit,3701,1790316567891907082,1790316567891925730,18.648
first_fit,1440,1790316567891932504,1790316567891954739,22.235
first_fit,3826,1790316567891959938,1790316567891980977,21.039
first_fit,3902,1790316567891985742,1790316567892004502,18.76
first_fit,2290,1790316567892008834,1790316567892038026,29.192
first_fit,2953,1790316567892046226,1790316567892071923,25.697
first_fit,3441,1790316567892077259,1790316567892100990,23.731
first_fit,3074,1790316567892105956,1790316567892127506,21.55
first_fit,1390,1790316567892132081,1790316567892151229,19.148
first_fit,3277,1790316567892157979,1790316567892184570,26.591
first_fit,1591,1790316567892189675,1790316567892211984,22.309
first_fit,914,1790316567892216731,1790316567892235163,18.432
first_fit,3622,1790316567892241946,1790316567892261118,19.172
first_fit,3222,1790316567892265777,1790316567892286762,20.985
first_fit,95,1790316567892291446,1790316567892312893,21.447
first_fit,1828,1790316567892317571,1790316567892335378,17.807
first_fit,2464,1790316567892342100,1790316567892360599,18.499
first_fit,1927,1790316567892365240,1790316567892385146,19.906
first_fit,1767,1790316567892389846,1790316567892409207,19.361
first_fit,3726,1790316567892413605,1790316567892434931,21.326
first_fit,1809,1790316567892441743,1790316567892464184,22.441
first_fit,2359,1790316567892469358,1790316567892489308,19.95
first_fit,1674,1790316567892493905,1790316567892514627,20.722
first_fit,103,1790316567892519148,1790316567892537383,18.235
first_fit,2189,1790316567892544032,1790316567892563383,19.351
first_fit,181,1790316567892568870,1790316567892590033,21.163
first_fit,1137,1790316567892594646,1790316567892613032,18.386
first_fit,662,1790316567892617379,1790316567892634173,16.794
first_fit,1794,1790316567892640780,1790316567892659804,19.024
first_fit,3762,1790316567892664528,1790316567892686249,21.721
first_fit,3028,1790316567892691045,1790316567892712701,21.656
first_fit,1398,1790316567892719723,1790316567892740736,21.013
first_fit,1105,1790316567892745549,1790316567892767125,21.576
first_fit,2524,1790316567892771645,1790316567892791384,19.739
first_fit,971,1790316567892795689,1790316567892816275,20.586
first_fit,3379,1790316567892823063,1790316567892843722,20.659
first_fit,1381,1790316567892848619,1790316567892870084,21.465
first_fit,82,1790316567892874728,1790316567892893206,18.478
first_fit,2356,1790316567892897606,1790316567892916007,18.401
first_fit,2755,1790316567892922582,1790316567892944175,21.593
first_fit,3110,1790316567892949043,1790316567892969164,20.121
first_fit,3699,1790316567892973864,1790316567892996100,22.236
first_fit,3421,1790316567893000911,1790316567893031360,30.449
first_fit,2636,1790316567893039341,1790316567893066794,27.453
first_fit,2824,1790316567893072034,1790316567893095642,23.608
first_fit,3500,1790316567893100442,1790316567893120887,20.445
first_fit,367,1790316567893127607,1790316567893150456,22.849
first_fit,958,1790316567893155437,1790316567893174245,18.808
first_fit,1330,1790316567893178723,1790316567893197640,18.917
first_fit,1885,1790316567893201859,1790316567893222572,20.713
first_fit,588,1790316567893229294,1790316567893249153,19.859
first_fit,3124,1790316567893253927,1790316567893273288,19.361
first_fit,147,1790316567893277610,1790316567893298586,20.976
first_fit,2013,1790316567893303304,1790316567893323375,20.071
first_fit,2978,1790316567893329879,1790316567893352529,22.65
first_fit,2320,1790316567893357380,1790316567893378200,20.82
first_fit,2178,1790316567893382628,1790316567893405164,22.536
first_fit,3866,1790316567893410001,1790316567893432442,22.441
first_fit,2733,1790316567893439329,1790316567893461171,21.842
first_fit,3957,1790316567893470795,1790316567893496775,25.98
first_fit,3532,1790316567893502032,1790316567893526475,24.443
first_fit,1664,1790316567893533553,1790316567893557940,24.387
first_fit,1025,1790316567893562991,1790316567893584444,21.453
first_fit,307,1790316567893589057,1790316567893610869,21.812
first_fit,92,1790316567893617533,1790316567893637967,20.434
first_fit,1980,1790316567893643090,1790316567893661836,18.746
first_fit,3671,1790316567893666858,1790316567893685899,19.041
first_fit,1224,1790316567893690749,1790316567893712253,21.504
first_fit,2046,1790316567893719174,1790316567893749636,30.462
first_fit,1697,1790316567893755050,1790316567893776214,21.164
first_fit,3730,1790316567893780849,1790316567893800654,19.805
first_fit,1060,1790316567893807344,1790316567893831088,23.744
first_fit,1299,1790316567893836591,1790316567893860235,23.644
first_fit,3054,1790316567893864976,1790316567893886102,21.126
first_fit,3447,1790316567893892744,1790316567893917182,24.438
first_fit,3875,1790316567893922441,1790316567893945827,23.386
first_fit,2225,1790316567893950550,1790316567893971697,21.147
first_fit,3565,1790316567893976282,1790316567893999209,22.927
first_fit,736,1790316567894006304,1790316567894038721,32.417
first_fit,3539,1790316567894044927,1790316567894068949,24.022
first_fit,1354,1790316567894073638,1790316567894096743,23.105
first_fit,1075,1790316567894101623,1790316567894122823,21.2
first_fit,2333,1790316567894129761,1790316567894153653,23.892
first_fit,1252,1790316567894158591,1790316567894178819,20.228
first_fit,3073,1790316567894183587,1790316567894203436,19.849
first_fit,981,1790316567894210142,1790316567894233411,23.269
first_fit,3557,1790316567894238395,1790316567894260108,21.713
first_fit,921,1790316567894264619,1790316567894288173,23.554
first_fit,751,1790316567894293089,1790316567894316521,23.432
first_fit,1960,1790316567894323512,1790316567894344932,21.42
first_fit,548,1790316567894349695,1790316567894368762,19.067
first_fit,4034,1790316567894373216,1790316567894392452,19.236
first_fit,3609,1790316567894398915,1790316567894423507,24.592
first_fit,1558,1790316567894428517,1790316567894453891,25.374
first_fit,4092,1790316567894458823,1790316567894483983,25.16
first_fit,3452,1790316567894490962,1790316567894517736,26.774
first_fit,3289,1790316567894522972,1790316567894547826,24.854
first_fit,3433,1790316567894552664,1790316567894574419,21.755
first_fit,346,1790316567894578942,1790316567894601487,22.545
first_fit,1006,1790316567894608253,1790316567894631378,23.125
first_fit,1034,1790316567894636508,1790316567894660047,23.539
first_fit,4060,1790316567894664839,1790316567894686221,21.382
first_fit,1817,1790316567894692908,1790316567894717341,24.433
first_fit,2084,1790316567894722386,1790316567894744591,22.205
first_fit,2785,1790316567894749174,1790316567894772294,23.12
first_fit,1167,1790316567894779081,1790316567894802230,23.149
first_fit,1629,1790316567894807258,1790316567894830987,23.729
first_fit,913,1790316567894835740,1790316567894856400,20.66
first_fit,635,1790316567894860930,1790316567894881427,20.497
first_fit,2117,1790316567894888215,1790316567894912428,24.213
first_fit,122,1790316567894917393,1790316567894938527,21.134
first_fit,1740,1790316567894943086,1790316567894963825,20.739
first_fit,3176,1790316567894970388,1790316567894994428,24.04
first_fit,2207,1790316567894999562,1790316567895029254,29.692
first_fit,2977,1790316567895034882,1790316567895062477,27.595
first_fit,1919,1790316567895069873,1790316567895096521,26.648
first_fit,3172,1790316567895101638,1790316567895124885,23.247
first_fit,2204,1790316567895129554,1790316567895153180,23.626
first_fit,2825,1790316567895157782,1790316567895179917,22.135
first_fit,3674,1790316567895186555,1790316567895212044,25.489
first_fit,67,1790316567895217218,1790316567895241857,24.639
first_fit,3357,1790316567895246639,1790316567895268921,22.282
first_fit,3378,1790316567895275605,1790316567895301863,26.258
first_fit,3427,1790316567895306867,1790316567895333353,26.486
first_fit,818,1790316567895338160,1790316567895368446,30.286
first_fit,3374,1790316567895380178,1790316567895405908,25.73
first_fit,2782,1790316567895411291,1790316567895437074,25.783
first_fit,3859,1790316567895441827,1790316567895464780,22.953
first_fit,2710,1790316567895471793,1790316567895505196,33.403
first_fit,2879,1790316567895515582,1790316567895554290,38.708
first_fit,768,1790316567895570050,1790316567895604977,34.927
first_fit,3495,1790316567895614793,1790316567895644613,29.82
first_fit,2843,1790316567895655843,1790316567895688013,32.17
first_fit,2569,1790316567895696366,1790316567895725485,29.119
first_fit,1483,1790316567895734522,1790316567895766263,31.741
first_fit,1298,1790316567895778353,1790316567895808621,30.268
first_fit,3720,1790316567895817586,1790316567895854448,36.862
first_fit,2863,1790316567895866370,1790316567895901202,34.832
first_fit,2195,1790316567895909704,1790316567895941330,31.626
first_fit,25,1790316567895952432,1790316567895987058,34.626
first_fit,883,1790316567895996269,1790316567896035706,39.437
first_fit,2068,1790316567896048626,1790316567896081808,33.182
first_fit,1517,1790316567896092179,1790316567896126528,34.349
first_fit,4044,1790316567896136294,1790316567896167092,30.798
first_fit,178,1790316567896179821,1790316567896214286,34.465
first_fit,397,1790316567896223597,1790316567896252568,28.971
first_fit,1866,1790316567896264425,1790316567896295285,30.86
first_fit,3102,1790316567896304916,1790316567896338707,33.791
first_fit,2352,1790316567896351026,1790316567896382236,31.21
first_fit,594,1790316567896392078,1790316567896425721,33.643
first_fit,2446,1790316567896437752,1790316567896469178,31.426
first_fit,2403,1790316567896478816,1790316567896512044,33.228
first_fit,3703,1790316567896521163,1790316567896552397,31.234
first_fit,1728,1790316567896564732,1790316567896602036,37.304
first_fit,1734,1790316567896612407,1790316567896650019,37.612
first_fit,191,1790316567896662113,1790316567896690083,27.97
first_fit,772,1790316567896695441,1790316567896717843,22.402
first_fit,186,1790316567896724283,1790316567896745613,21.33
first_fit,4034,1790316567896750371,1790316567896773672,23.301
first_fit,3466,1790316567896778829,1790316567896804828,25.999
first_fit,3050,1790316567896809990,1790316567896837579,27.589
first_fit,705,1790316567896844872,1790316567896872667,27.795
first_fit,2632,1790316567896877801,1790316567896902904,25.103
first_fit,1563,1790316567896909695,1790316567896936267,26.572
first_fit,3258,1790316567896941035,1790316567896965444,24.409
first_fit,3866,1790316567896970273,1790316567896996444,26.171
first_fit,2845,1790316567897001467,1790316567897044333,42.866
first_fit,2648,1790316567897055785,1790316567897088293,32.508
first_fit,2632,1790316567897093749,1790316567897120099,26.35
first_fit,710,1790316567897127176,1790316567897154355,27.179
first_fit,2425,1790316567897159355,1790316567897184282,24.927
first_fit,3500,1790316567897189097,1790316567897215463,26.366
first_fit,2762,1790316567897222783,1790316567897250469,27.686
first_fit,3926,1790316567897255667,1790316567897280777,25.11
first_fit,3214,1790316567897285922,1790316567897312605,26.683
first_fit,2692,1790316567897319803,1790316567897350809,31.006
first_fit,4074,1790316567897356129,1790316567897385337,29.208
first_fit,983,1790316567897390554,1790316567897422974,32.42
first_fit,1697,1790316567897430288,1790316567897455008,24.72
first_fit,2329,1790316567897460097,1790316567897483771,23.674
first_fit,1329,1790316567897488699,1790316567897513655,24.956
first_fit,46,1790316567897520685,1790316567897544851,24.166
first_fit,635,1790316567897549858,1790316567897571856,21.998
first_fit,702,1790316567897576589,1790316567897599222,22.633
first_fit,1525,1790316567897605883,1790316567897632614,26.731
first_fit,2120,1790316567897637788,1790316567897662779,24.991
first_fit,877,1790316567897667520,1790316567897693708,26.188
first_fit,2281,1790316567897700871,1790316567897725264,24.393
first_fit,2058,1790316567897730155,1790316567897753805,23.65
first_fit,815,1790316567897758524,1790316567897783775,25.251
first_fit,1418,1790316567897790753,1790316567897815156,24.403
first_fit,778,1790316567897820295,1790316567897844224,23.929
first_fit,1271,1790316567897855445,1790316567897884287,28.842
first_fit,4034,1790316567897892051,1790316567897919232,27.181
first_fit,2092,1790316567897924369,1790316567897951051,26.682
first_fit,200,1790316567897955829,1790316567897979477,23.648
first_fit,3803,1790316567897986403,1790316567898014703,28.3
first_fit,840,1790316567898032311,1790316567898063799,31.488
first_fit,2832,1790316567898071899,1790316567898101542,29.643
first_fit,2105,1790316567898109516,1790316567898136527,27.011
first_fit,1534,1790316567898141682,1790316567898169104,27.422
first_fit,1160,1790316567898173851,1790316567898198747,24.896
first_fit,1275,1790316567898205629,1790316567898233404,27.775
first_fit,4047,1790316567898238595,1790316567898264014,25.419
first_fit,756,1790316567898268871,1790316567898295022,26.151
first_fit,392,1790316567898302139,1790316567898327146,25.007
first_fit,2642,1790316567898331951,1790316567898356782,24.831
first_fit,733,1790316567898361615,1790316567898387951,26.336
first_fit,1127,1790316567898394930,1790316567898420255,25.325
first_fit,242,1790316567898426005,1790316567898449300,23.295
first_fit,3046,1790316567898453885,1790316567898477555,23.67
first_fit,2207,1790316567898484216,1790316567898512827,28.611
first_fit,40,1790316567898517842,1790316567898546325,28.483
first_fit,3433,1790316567898551251,1790316567898575897,24.646
first_fit,2893,1790316567898582788,1790316567898611593,28.805
first_fit,1549,1790316567898616822,1790316567898643619,26.797
first_fit,1456,1790316567898648371,1790316567898675548,27.177
first_fit,3754,1790316567898682495,1790316567898709334,26.839
first_fit,3815,1790316567898714214,1790316567898743331,29.117
first_fit,3265,1790316567898748382,1790316567898777892,29.51
first_fit,239,1790316567898785031,1790316567898814572,29.541
first_fit,1136,1790316567898819587,1790316567898844952,25.365
first_fit,4027,1790316567898849761,1790316567898874665,24.904
first_fit,1262,1790316567898881659,1790316567898909784,28.125
first_fit,840,1790316567898915583,1790316567898942483,26.9
first_fit,2022,1790316567898948209,1790316567898976198,27.989
first_fit,1446,1790316567898983439,1790316567899009515,26.076
first_fit,313,1790316567899014366,1790316567899051804,37.438
first_fit,2613,1790316567899061636,1790316567899091003,29.367
first_fit,4029,1790316567899096503,1790316567899127192,30.689
first_fit,2402,1790316567899132203,1790316567899162187,29.984
first_fit,3898,1790316567899169590,1790316567899201077,31.487
first_fit,860,1790316567899206599,1790316567899235977,29.378
first_fit,3429,1790316567899240986,1790316567899267564,26.578
first_fit,3849,1790316567899274872,1790316567899305251,30.379
first_fit,1600,1790316567899310522,1790316567899339736,29.214
first_fit,3805,1790316567899346982,1790316567899375037,28.055
first_fit,2161,1790316567899380384,1790316567899410024,29.64
first_fit,2318,1790316567899415082,1790316567899444976,29.894
first_fit,602,1790316567899452201,1790316567899479149,26.948
first_fit,2388,1790316567899484459,1790316567899510433,25.974
first_fit,1267,1790316567899515366,1790316567899548126,32.76
first_fit,2793,1790316567899555420,1790316567899583566,28.146
first_fit,2179,1790316567899588602,1790316567899617246,28.644
first_fit,370,1790316567899622299,1790316567899647868,25.569
first_fit,1356,1790316567899655089,1790316567899681941,26.852
first_fit,3712,1790316567899687072,1790316567899716528,29.456
first_fit,1811,1790316567899721725,1790316567899750696,28.971
first_fit,781,1790316567899757764,1790316567899784690,26.926
first_fit,3197,1790316567899789822,1790316567899815877,26.055
first_fit,746,1790316567899822900,1790316567899851849,28.949
first_fit,1004,1790316567899857263,1790316567899884566,27.303
first_fit,236,1790316567899889487,1790316567899917734,28.247
first_fit,677,1790316567899925188,1790316567899951758,26.57
first_fit,2017,1790316567899956890,1790316567899981887,24.997
first_fit,827,1790316567899986673,1790316567900012037,25.364
first_fit,2450,1790316567900027793,1790316567900062922,35.129
first_fit,3447,1790316567900070774,1790316567900101619,30.845
first_fit,1124,1790316567900112922,1790316567900144176,31.254
first_fit,967,1790316567900152271,1790316567900182157,29.886
